kind,frequency_hz,input_dbu,thd_percent,gain_primary_db,gain_source_db,phase_primary_deg,primary_rms_v,source_rms_v,output_h1_rms_v,flux_peak_vs,primary_current_rms_a,h2_dbc,h3_dbc,h5_dbc,output_dc_v,max_solver_iterations,periodic_shooting_error,input_impedance_ohm
jensen,20,-25.0,0.021783327143300776,-2.2924839258698246,-2.689980080833854,1.117448961049037,0.04358145270181391,0.045622229991676574,0.033471679586696224,0.0004350980089670771,3.4401352835994076e-06,-252.09561533833386,-73.36492457688868,-92.37925566060291,-8.273752077847475e-15,2.0,3.73011002511095e-13,12668.537750965423
jensen,20,-24.303797468354432,0.02160655961136595,-2.292243864478205,-2.689650917802349,1.1139551396308347,0.047218461125098,0.049429040602805584,0.03626599815969446,0.00047141902243340365,3.7261348667270637e-06,-252.8852645524325,-73.44365422684689,-91.41496192898806,-7.872234638047295e-15,2.0,3.7304984405392427e-13,12672.2450706315
jensen,20,-23.60759493670886,0.02035026144992109,-2.292190347049149,-2.689573788155551,1.1105224601474777,0.05115898926622206,0.05355390293485602,0.03929275114476341,0.0005107593053471151,4.036579487318756e-06,-258.798974807032,-73.97698510588839,-90.92538454895156,-1.74919441978176e-14,2.0,4.659271015880484e-13,12673.854490523529
jensen,20,-22.911392405063292,0.017178206853553257,-2.2925642489679725,-2.690071573107235,1.1054240591008766,0.05542836679727556,0.05802397108371981,0.04257002148527241,0.0005533587138560365,4.374364708431934e-06,-256.6558248095452,-75.85185998244714,-85.91465655628318,-1.5573302552179336e-14,2.0,4.659484603708464e-13,12671.186566969793
jensen,20,-22.21518987341772,0.01581800960710485,-2.292790632748761,-2.6903695292534553,1.0998742799758383,0.06005403722490085,0.06286677083469762,0.0461214207236435,0.0005995247301596109,4.739755214696869e-06,-255.90526921008947,-77.11202851866547,-83.22257598553341,-1.435204028443272e-14,2.0,4.659711201962513e-13,12670.2871859661
jensen,20,-21.518987341772153,0.01577727423329631,-2.2928992184113905,-2.690508451455992,1.094335903070046,0.0650657343049474,0.06811343721894905,0.04996977272100248,0.000649551348269355,5.1351398622448545e-06,-255.72326420002454,-77.32635262113499,-82.34397649474361,-1.3468980061316378e-14,2.0,4.65996273686653e-13,12670.688694787226
jensen,20,-20.82278481012658,0.016399451457900328,-2.2929142807469534,-2.690521391688134,1.0890021507544883,0.07049567316805339,0.07379769837957745,0.054139812525481834,0.0007037591463959325,5.5630790247974666e-06,-255.8960827944677,-76.8374967142762,-82.44041064110583,-1.2588374116164706e-14,2.0,4.660232703207479e-13,12672.06546908062
jensen,20,-20.126582278481013,0.017220456917121797,-2.2928558366180893,-2.690435510782997,1.0839689425660934,0.0763787573981408,0.07995609436143901,0.058658343755112224,0.000762496102157404,6.026335462899061e-06,-256.2171218845546,-76.15425002506652,-83.17699738142505,-1.1951660190867477e-14,2.0,4.66052543779405e-13,12674.168549272848
jensen,20,-19.430379746835442,0.017995879222161826,-2.292740402732876,-2.6902731721272084,1.0792829080537478,0.08275280339226328,0.08662821249336528,0.06355441046815699,0.0008261397896251948,6.52789565824899e-06,-256.70278072727757,-75.53809711170965,-84.40468014031134,-1.1294183793967151e-14,2.0,4.660820340784966e-13,12676.80244339148
jensen,20,-18.734177215189874,0.01861938214977581,-2.2925815842302173,-2.6900527676457435,1.0749624902716106,0.08965878344397034,0.0938569420575522,0.06885948368910302,0.0008950989653981521,7.070990448511462e-06,-257.26883979819763,-75.06625979710341,-86.04914028988023,-1.0669818656128824e-14,2.0,4.661139096223677e-13,12679.812084020226
jensen,20,-18.037974683544302,0.019055902748804778,-2.2923905457674474,-2.6897893703626714,1.0710090893316497,0.09714108911272215,0.10168875004296127,0.07460766370136956,0.0009698168553759057,7.659116439302796e-06,-257.89676282122014,-74.74308110851645,-88.04526538431149,-1.0197803617040735e-14,2.0,4.661493630334079e-13,12683.074202923877
jensen,20,-17.341772151898734,0.017046557776308327,-2.292612243742604,-2.690082631610129,1.066484878550166,0.10524781657044646,0.110175901782354,0.08083184323804463,0.0010507173441919816,8.299071638137176e-06,-262.53367135630936,-75.67089515478466,-94.12130713365505,-1.7821809532422763e-14,2.0,4.659105132948094e-13,12681.883843729067
jensen,20,-16.645569620253163,0.015207812624219124,-2.292955768893249,-2.6905386321330176,1.0606171749257298,0.11403107577263641,0.11937197088228134,0.08757404957676704,0.0011383611348451672,8.993198452482495e-06,-261.2653908325826,-77.00564127543791,-89.64061708166328,-1.6266599231265218e-14,2.0,4.659298120934796e-13,12679.706334697941
jensen,20,-15.949367088607595,0.015252732305721403,-2.293152744102108,-2.6907965008376626,1.05455967063961,0.12354732540258645,0.12933484161389389,0.09488022600873633,0.0012333394309738453,9.744090639343587e-06,-260.86076233403935,-77.20634790998827,-86.10107955249775,-1.4929489326113814e-14,2.0,4.659506287751913e-13,12679.209702114542
jensen,20,-15.253164556962025,0.016272714021605402,-2.2932327665356746,-2.6908966551193174,1.0486409293023902,0.13385773580248794,0.14012856309753224,0.10279733029788256,0.001336259130447605,1.0556632138118277e-05,-260.9000174230379,-76.56822903415974,-84.98587823675997,-1.4040108754903298e-14,2.0,4.65974047542117e-13,12679.970969591113
jensen,20,-14.556962025316455,0.017571697802359742,-2.29322018877047,-2.690872181832514,1.0430123395533186,0.14502858217067924,0.15182252165330926,0.11137625002446953,0.0014477802967034503,1.1436077665131513e-05,-261.1301037635743,-75.70974837667985,-85.10535114225611,-1.330694202323192e-14,2.0,4.659983336707807e-13,12681.677555500068
jensen,20,-13.860759493670885,0.018799172300384425,-2.293135131723525,-2.690750347136297,1.037749267100355,0.15713167057782568,0.16449188902680398,0.12067212781243608,0.0015686190528634233,1.2388102168169696e-05,-261.4922467126824,-74.94345555521873,-86.0452889597268,-1.2590106086783604e-14,2.0,4.660243545229203e-13,12684.086061462922
jensen,20,-13.164556962025316,0.019817902651615205,-2.2929941752114793,-2.690553579036602,1.032886138147348,0.17024479953554794,0.17821810603928312,0.1307447157068604,0.0016995517880883505,1.3418841767581436e-05,-262.06076186361895,-74.35076440650673,-87.65988821144519,-1.1773192995858956e-14,2.0,4.66053844822012e-13,12687.004066527394
jensen,20,-12.468354430379746,0.02058964898924977,-2.2928109883387537,-2.6903003427744676,1.0284332945228978,0.18445226008433566,0.19308940669168048,0.1416587583800914,0.0018414199758946704,1.453493584868941e-05,-262.6951341649318,-73.9288571802278,-89.91321470377801,-1.122194183620349e-14,2.0,4.660850698445795e-13,12690.278075612143
jensen,20,-11.772151898734176,0.021120505480019897,-2.2925967684133632,-2.690005747166545,1.0243866264877195,0.1998453776153521,0.20920138520986445,0.15348440978586142,0.0019951355087448447,1.5743570487280217e-05,-263.3137858903276,-73.65357659049748,-92.7125772226824,-1.0666921379932741e-14,2.0,4.661199811545336e-13,12693.785820680012
jensen,20,-11.075949367088606,0.01821662665908108,-2.2930163157273338,-2.690565330846697,1.0189821383023465,0.21652309890751567,0.22666354896553267,0.16628513136898243,0.002161518781211101,1.7061754268286838e-05,-267.60783277269184,-75.01837086125225,-95.75238619115606,-1.748362527548438e-14,2.0,4.658942502622221e-13,12690.559458908867
jensen,20,-10.379746835443036,0.017138073573238422,-2.2932884991544418,-2.6909249863546094,1.0128473342821984,0.23459262816544726,0.2455818036447419,0.18015649973874412,0.0023418398115786186,1.848762894390837e-05,-266.7553972812555,-75.83197693029577,-88.00735816355098,-1.6159459939591152e-14,3.0,4.659155006248028e-13,12689.173528997851
jensen,20,-9.683544303797467,0.017556181611601634,-2.2934245525634855,-2.6911008381656387,1.0067086343736342,0.2541701161068389,0.2660775917631362,0.1951880652394557,0.0025372456684964826,2.003027540815009e-05,-266.56261318892314,-75.72885665729028,-85.6261740069472,-1.5199551381785744e-14,3.0,4.659380520299905e-13,12689.303005668777
jensen,20,-8.987341772151897,0.018665220938586895,-2.293452407183691,-2.6911309203798552,1.0008098832741243,0.2753814065969616,0.2882826722028207,0.21147644105163277,0.0027489873008236924,2.1699698278406055e-05,-266.6005571881063,-75.11564593744082,-85.0948398738318,-1.4216582351991337e-14,3.0,4.659606034351782e-13,12690.570505027963
jensen,20,-8.291139240506329,0.019941676728842655,-2.293395104863974,-2.6910464949052386,0.9952688284640598,0.2983628455647519,0.31233978671580553,0.22912632247996426,0.0029784234791025766,2.3506684097570975e-05,-266.9124750467085,-74.40407274771398,-85.58147856502734,-1.3183938651488728e-14,3.0,4.659844558829729e-13,12692.688721420744
jensen,20,-7.594936708860757,0.02112834929619286,-2.29327166927813,-2.690873317607902,0.9901432200341529,0.3232621574328658,0.3384035799961753,0.2482511579704838,0.0032270278784158864,2.5462889397895417e-05,-267.37421725417437,-73.78008654195214,-86.79547677201089,-1.2713026872814438e-14,3.0,4.660117777777195e-13,12695.431757199936
jensen,20,-6.898734177215189,0.022123022320945453,-2.2930977662411274,-2.690632566317407,0.985457268433106,0.3502393946885503,0.366641594475547,0.2689738780272112,0.003496397981399887,2.7580922154833532e-05,-267.91017857064173,-73.29253718125085,-88.61562043162013,-1.226429931054521e-14,3.0,4.660386659915972e-13,12698.620116482916
jensen,20,-6.202531645569618,0.022898861723411417,-2.292886284736397,-2.6903416443151333,0.9812154378698361,0.37946796669922955,0.39723534816831146,0.29142768418722226,0.00378826508791379,2.9874427004491416e-05,-268.3157096818117,-72.93818137833135,-90.91121313064205,-1.1629481997896002e-14,3.0,4.660716257376407e-13,12702.1102883155
jensen,20,-5.50632911392405,0.023460698864177915,-2.2926477712545297,-2.6900147772975744,0.9774101696436479,0.4111357543858991,0.43038150142925047,0.3157569056656024,0.004104505311112069,3.235817437128151e-05,-268.9853134627658,-72.69885022751946,-93.19087704478143,-1.0743987825605726e-14,3.0,4.661058865262913e-13,12705.787754115107
jensen,20,-4.810126582278478,0.02382603280653368,-2.2923908031964855,-2.6896635242859794,0.9740269591336242,0.4454463179194634,0.4662931210518208,0.3421179274395922,0.00444715157204037,3.504815651591502e-05,-269.6930054370028,-72.55422742584476,-94.14851256391532,-1.0326763959743728e-14,3.0,4.661436167618938e-13,12709.561466683752
jensen,20,-4.11392405063291,0.024020326020445543,-2.292122358534212,-2.689297280697755,0.9710474011230225,0.48262020520324345,0.5052010508368796,0.37068019362060606,0.00481840659988413,3.796169271257491e-05,-270.07806047401266,-72.48562282933497,-93.16349963625697,-9.77091806986588e-15,3.0,4.661848164444482e-13,12713.358947410117
jensen,20,-3.4177215189873387,0.022244187280192233,-2.2922327046231477,-2.6894421651152167,0.9676893647583514,0.5228963695473003,0.5473638339852295,0.4016095121845186,0.005220406256684957,4.1130900214767036e-05,-280.11014088673545,-73.17768339724174,-91.84708118785548,-1.066507400107478e-14,3.0,2.911716007192311e-13,12712.990902185693
jensen,20,-2.7215189873417707,0.019580469477371562,-2.292544038727061,-2.6898567652047873,0.9629100612812693,0.5665337056849313,0.5930501074088421,0.4351094850087447,0.005655867036526247,4.457133664054427e-05,-279.2638095736064,-74.5985853228862,-85.91409745665607,-9.47176805575229e-15,3.0,2.9118287642182494e-13,12710.725686917602
jensen,20,-2.0253164556962027,0.01845856489614358,-2.292718235770675,-2.690085915974469,0.9579145815757028,0.6138127138889836,0.642546057530821,0.471411277022817,0.0061277696400758,4.829350686701741e-05,-278.72536849578864,-75.41952545118859,-83.56675507824777,-8.54716721932023e-15,3.0,2.9119588684789477e-13,12710.052952047601
jensen,20,-1.3291139240506311,0.018550910561816406,-2.292783174862601,-2.690167709566371,0.9530593310027022,0.6650373026581279,0.6961698844719756,0.5107482023941754,0.006639127718880273,5.232163541145909e-05,-278.55244379131403,-75.43438034069071,-82.90646988938687,-8.633191885443377e-15,2.0,2.912071625504886e-13,12710.566917060962
jensen,20,-0.6329113924050631,0.01937826275703351,-2.2927617868644803,-2.690133313342,0.9485097657836631,0.7205367443085792,0.7542663076971386,0.5533730989147202,0.007193221782343228,5.668179171111402e-05,-278.4309191290624,-74.9178213771198,-83.18716313404184,-8.15967336287391e-15,2.0,2.912219077000344e-13,12711.96853589038
jensen,20,0.06329113924050844,0.020555166470452642,-2.2926729935144867,-2.69000838082966,0.9443527489007235,0.7806677873517833,0.8172087879358605,0.5995599423534205,0.007793608738011833,6.140213713809314e-05,-278.6579175437734,-74.22035762932448,-84.12556898570253,-6.785430168589589e-15,2.0,2.912375202113182e-13,12714.02465595333
jensen,20,0.7594936708860764,0.021846603047333765,-2.2925324041198087,-2.6898140408783604,0.9406339987354975,0.8458169538507468,0.8854019358477955,0.6496056074922301,0.008444145257536805,6.651313184214081e-05,-278.20856194775615,-73.53732007596366,-85.61275326584328,-7.02405629049007e-15,2.0,2.9125746953129195e-13,12716.549955292627
jensen,20,1.455696202531648,0.023124978856538123,-2.2923528628689214,-2.689567659738784,0.9373758255460775,0.9164030218902094,0.9592841122180005,0.7038317737360803,0.009149011994541493,7.204774230945176e-05,-278.6499605250356,-72.93783844577769,-87.62593878473493,-7.044513830232156e-15,2.0,2.912748167660517e-13,12719.395962361923
jensen,20,2.151898734177216,0.024329507450324344,-2.2921449137104117,-2.689283481441085,0.9345869200254022,0.9928797178946486,1.0393302476023163,0.7625869915348488,0.00991273943369836,7.804166149499036e-05,-278.85161258152107,-72.43240788828344,-90.17612441485534,-5.557240865400326e-15,2.0,2.9129476608602545e-13,12722.44321372913
jensen,20,2.8481012658227876,0.02236709432346221,-2.292526771813965,-2.689794607419493,0.9307156343968892,1.0757386331643668,1.1260823638968718,0.8261909367032799,0.010739456521577017,8.45766378283345e-05,-282.2588105858553,-73.17815187913365,-97.39879398129482,-1.1122143990841514e-14,2.0,2.911698659957551e-13,12719.108659104717
jensen,20,3.5443037974683556,0.021292206206528316,-2.292821744937931,-2.690187470414718,0.9260547929643607,1.1655123838825974,1.2200712065767836,0.8951087539927417,0.011635351980104137,9.16503909847753e-05,-282.1893091588912,-73.7745997809575,-89.23356946977927,-9.683668594101004e-15,2.0,2.911854785070389e-13,12716.947191021793
jensen,20,4.240506329113927,0.02175908631791764,-2.292979725053224,-2.690395429250161,0.9214680028103546,1.2627780346394304,1.321897567692431,0.9697907378928506,0.01260619694522673,9.930391461606379e-05,-281.94833100057997,-73.64219148790164,-86.5612470948342,-9.79965112150264e-15,2.0,2.911993562948467e-13,12716.305723309315
jensen,20,4.936708860759495,0.023283872337836135,-2.293028696651137,-2.69045660797073,0.9172358723758025,1.3681608079089893,1.4322160632474459,1.0507168813724532,0.013658204179489725,0.00010758696764555859,-281.4259429363377,-72.98014367087623,-86.06820961954497,-9.050452173722107e-15,2.0,2.912149688061305e-13,12716.799798376824
jensen,20,5.632911392405067,0.025409455170479593,-2.2929918062097725,-2.6904024342271833,0.913506479045384,1.4823381029338398,1.5517358812981823,1.138407323292834,0.014798123382029398,0.00011655322807260267,-280.4079885260676,-72.112251335249,-86.78702393663147,-7.327749789332733e-15,2.0,2.9123405076436626e-13,12718.133796344695
jensen,20,6.329113924050635,0.027835972660164274,-2.292888158196914,-2.6902588044799867,0.9103683133748733,1.6060438500397,1.6812253503384547,1.2334256897718696,0.01603327550128324,0.0001262607347110275,-280.54562722865205,-71.23263530715238,-88.46016605054118,-8.607247266268978e-15,2.0,2.91254867446078e-13,12720.07274928988
jensen,20,7.025316455696206,0.030402490135874653,-2.292733559941264,-2.6900471265570705,0.9078795262023315,1.7400732283309588,1.8215168886500162,1.3363827032288877,0.017371596603199434,0.00013677231339223652,-280.5976029851995,-70.41350539144307,-91.1421225394044,-8.919900679627696e-15,2.0,2.912756841277897e-13,12722.426177219839
jensen,20,7.721518987341774,0.03303638860468315,-2.2925410266454165,-2.689785021036663,0.9060834165570625,1.8852877770929057,1.9735123567719035,1.4479401102884308,0.01882168757266019,0.00014815600880964326,-280.7635900551476,-69.66657815517382,-95.18681270119338,-7.925934621079087e-15,2.0,2.9130343970340533e-13,12725.038321622087
jensen,20,8.417721518987342,0.03495849197802787,-2.2925013557371527,-2.6897299330561313,0.9047758279671967,2.042620933699502,2.138204334094468,1.5687824017336216,0.020392383697926064,0.00016051044754790978,-282.4567894521703,-69.1617999135101,-107.70527617895388,-9.909458778718794e-15,2.0,2.91176804889659e-13,12725.805338739146
jensen,20,9.11392405063291,0.034416825105912666,-2.2928983053903575,-2.6902631311304823,0.902252933989519,2.213084034009902,2.3166805077502954,1.699624520479591,0.02209315973144089,0.00017395839724187792,-283.6009277366012,-69.35983794750794,-90.80429891563115,-1.095211229107558e-14,2.0,2.912080299122266e-13,12721.938304074105
jensen,20,9.810126582278485,0.035365371595046075,-2.293136132829979,-2.6905814863341333,0.8997798829407487,2.397772812728727,2.51003800610055,1.8414130775481792,0.02393635599957451,0.00018850666336989573,-281.54611828850796,-69.17292694272705,-86.89111040428614,-2.0557130487892233e-14,2.0,5.824576931878767e-13,12719.854576958125
jensen,20,10.506329113924053,0.037931640429560466,-2.293247339685878,-2.6907295446569277,0.8979210720112839,2.5978744471831945,2.7195200580902705,1.9950592089380719,0.025933704661511087,0.00020425111676060904,-281.1039302499309,-68.55112077925648,-85.96655701158384,-1.8239241768389786e-14,2.0,5.825270821269157e-13,12719.049649704442
jensen,20,11.202531645569621,0.04188049400622123,-2.2932586668260484,-2.690743766056769,0.896980577407203,2.8146751883565018,2.946473484322053,2.161550313492787,0.028098001894485393,0.000221294887293586,-280.70681243277727,-67.64801420498101,-86.40396664241031,-1.7075730206986967e-14,2.0,5.826242266415704e-13,12719.149016670903
jensen,20,11.89873417721519,0.046990863913761304,-2.2931923353035577,-2.6906544240337893,0.8971911955462651,3.049568628894749,3.1923574425058625,2.3419563233219884,0.03044313754759364,0.00023974965409534154,-280.3942442454403,-66.60891426091149,-87.71678514829448,-1.7567795362969513e-14,2.0,5.827491267318408e-13,12719.84652727992
jensen,20,12.594936708860764,0.053160136745334825,-2.2930668507242666,-2.690486765619009,0.8987748382674898,3.3040646611039786,3.458752846418806,2.537436549950807,0.03298417204774675,0.00025973665925013907,-280.4726938264758,-65.51352838873245,-89.66309520779899,-1.523489721964172e-14,2.0,5.829468852081021e-13,12720.879615477013
jensen,20,13.291139240506332,0.06043550889854502,-2.2928977153339356,-2.6902620212667965,0.9019808599882203,3.5797991825208504,3.7473725782992053,2.7492470860679874,0.035737427959293994,0.0002813878193155402,-280.98160439113934,-64.38871635576464,-91.92798725009317,-1.3826383072311488e-14,2.0,5.832868910093936e-13,12722.011058995015
jensen,20,13.9873417721519,0.06903006970078321,-2.2926980059873086,-2.6899982327940086,0.907122399579635,3.87854461144299,4.060072562733871,2.9787488235938335,0.03872059155162829,0.0003048470291825085,-281.03849695813363,-63.23075524933828,-93.73261240172654,-1.5197126326457755e-14,2.0,5.839911887406402e-13,12723.012482375278
jensen,20,14.683544303797468,0.07935856133709514,-2.2924789560350773,-2.6897111019646918,0.9146228317352829,4.202221280013582,4.398863804529666,3.2274160964313747,0.04195282318445668,0.0003302718228992376,-281.0575254804899,-62.0193788329488,-93.6992628966299,-1.298878946022139e-14,2.0,5.859340790337342e-13,12723.644619832996
jensen,20,15.379746835443044,0.09212476185623525,-2.2922505313138144,-2.6894148652582697,0.9250849266157298,4.552909778093817,4.765925492222887,3.4968459899283753,0.04545489605020776,0.0003578356203876372,-280.87068015651755,-60.724183626981755,-91.20180013370481,-1.2496439701168566e-14,3.0,5.953258719326726e-13,12723.630508273958
jensen,20,16.07594936708861,0.10848898962226117,-2.2920221437776056,-2.689123425563551,0.939406670921134,4.932864327270805,5.163619327673766,3.788768294664379,0.04924932114649582,0.00038773107343745094,-280.7869341855377,-59.306169368911235,-87.06965810206182,-1.2407297953799523e-14,3.0,6.331740687315346e-13,12722.61229999453
jensen,20,16.77215189873418,0.12772398421121814,-2.292364940541005,-2.689608387404691,0.957600434702331,5.344527270785983,5.594630980021056,4.104790783454342,0.053356794353771,0.0004203722448307905,-283.24411455876907,-57.89070694790034,-83.94751669003654,-1.2621854787470826e-14,3.0,3.8084813080985214e-13,12714.109919182567
jensen,20,17.468354430379748,0.155360485011198,-2.292715445577492,-2.6901118531374903,0.9819622674333599,5.79054477365046,6.061627005054579,4.447168822992859,0.05780733038736312,0.00045582742679679697,-283.4434486338903,-56.210992040312064,-77.70153219613988,-1.2634885542331387e-14,2.0,3.819652927283812e-13,12703.8329096743
jensen,20,18.164556962025323,0.20000394421144224,-2.292974401931855,-2.6905069444267014,1.0176075685499246,6.273783830907207,6.567591304378875,4.818155053455425,0.06262982682809239,0.0004943631285128831,-283.40640534108906,-54.06046174213452,-71.76374425091025,-1.2442114396063464e-14,3.0,3.828465322541774e-13,12691.402363030747
jensen,20,18.86075949367089,0.2755834522648879,-2.2932029249287336,-2.690889289408751,1.0730555725296986,6.7973506975187545,7.1158024765132755,5.220107176221278,0.06785468209267387,0.0005364080116060748,-282.38977722326786,-51.34849083669125,-66.10000335092008,-9.881106891908298e-15,2.0,3.917630109206982e-13,12673.421922465332
jensen,20,19.55696202531646,0.4178484704991955,-2.2935188039561623,-2.691450586343125,1.167690682529595,7.364610854592167,7.709853704194532,5.655533874629814,0.07351432301734419,0.0005827080394404392,-282.52497787998743,-47.86304731015635,-59.93168671033707,-1.4219582542690512e-14,3.0,4.1261438710193943e-13,12641.887949164291
jensen,20,20.253164556962027,0.7551423353053451,-2.2943329603812663,-2.692860554115737,1.3613208398074037,7.979210646653742,8.353826971639617,6.126923361565604,0.07963942925353847,0.0006353591406878899,-282.1364356197719,-43.007845312414105,-52.174030341465794,-7.50723268272413e-15,2.0,4.478084569825569e-13,12569.142344634995
jensen,20,20.949367088607595,2.258127707253461,-2.3000181601085616,-2.7019184721811786,2.0105346573175487,8.645100710432578,9.054357159850936,6.6337896765159,0.08619264134173864,0.0007113727064644933,-281.11953364377166,-34.43485816228419,-39.80555569044807,-2.899758341431968e-14,3.0,6.419031972626499e-13,12238.937313340351
jensen,20,21.64556962025317,13.52291708077693,-2.4489703042862674,-2.9184480400570614,5.519809972065644,9.366561372522344,9.8808515139802,7.06109364043739,0.08949171426045667,0.0011493712796006895,-241.42480479056002,-20.725146865691222,-23.549711255139343,-5.542622242248052e-12,3.0,7.667547152756526e-13,9224.640843484094
jensen,20,22.341772151898738,24.21947676253915,-2.7899800297044592,-3.407067077725589,9.625043773794198,10.148229951740248,10.875906746759506,7.347035031971374,0.0897524238750467,0.0018615578712678881,-243.77666606741397,-15.113310108786617,-18.76287383123575,-5.552204421048479e-12,4.0,6.375872052544196e-13,6484.134458710414
jensen,20,23.037974683544306,32.89284113378092,-3.220560260049255,-4.015524649158198,13.536941629529258,10.995130712455644,12.012709604479397,7.565971588787545,0.08984182406180456,0.002627712305689662,-246.27263236436235,-11.950137128882128,-16.774331934348986,-5.561857506670986e-12,4.0,6.379480277374228e-13,4957.903857859162
jensen,20,23.734177215189874,40.439537128776756,-3.70947011446476,-4.692855752740398,17.255200457012762,11.912707839724826,13.286476683729347,7.740463545448402,0.08989091708305166,0.0034374658222871618,-248.90908824283687,-9.816790051094737,-15.88033593703718,-5.569558594702151e-12,5.0,6.386835504912369e-13,4041.91782016785
jensen,20,24.43037974683545,47.23656935945121,-4.240179136006052,-5.411239456889936,20.785413127876062,12.906860056227806,14.69716463421072,7.882636456746734,0.08992320556218217,0.004293929309507443,-251.53274703349365,-8.254357082788149,-15.466964233801583,-5.576804859921958e-12,5.0,6.394051954572433e-13,3444.925388569123
jensen,20,25.126582278481017,53.49026869047433,-4.802224987530215,-6.153573590814988,24.133980569159963,13.98397798939529,16.247418256965194,8.0002875409798,0.08994771633005941,0.005201824872269133,-253.370203986234,-7.053307197647991,-15.158285029034761,-5.5836911700204994e-12,6.0,6.39877040242709e-13,3030.7440136919045
jensen,20,25.822784810126585,59.33059209349646,-5.38839714331004,-6.908939589167286,27.307787817311983,15.150985225707299,17.941981099058548,8.098849844330974,0.08996914312482714,0.0061662546278623805,-253.4980406987731,-6.099661917470947,-14.694711451798948,-5.601763952874095e-12,6.0,6.405292962696763e-13,2729.7298365523307
jensen,20,26.518987341772153,64.84688915723724,-5.993479091388766,-7.67030364352324,30.31420596328869,16.41538306927379,19.787435452606715,8.182278948569417,0.08998247834770114,0.00719263257043849,-252.31885924125277,-5.324418788998242,-13.96364202868937,-5.6011334893107945e-12,10.0,6.41070529994181e-13,2503.1158347623254
jensen,20,27.215189873417728,70.10420177699419,-6.6135800626681664,-8.433163512258114,33.16098121984574,17.78529881178727,21.792057908329717,8.25353578661149,0.08999229639178738,0.008286740515192518,-250.94027671768646,-4.682693737045309,-13.00516694709129,-5.6111318933252385e-12,36.0,6.416395192943014e-13,2327.776573210632
jensen,20,27.911392405063296,75.15200860813997,-7.245727898530855,-9.19468194941216,35.85604321230011,19.269538044736212,23.96569891009902,8.3148799232649,0.09001329862180134,0.009454905061014375,-243.46906971526022,-4.14376181066781,-11.933129665633446,-1.1227394773431765e-11,36.0,1.28348720540572e-12,2189.1294227531375
jensen,20,28.607594936708864,80.02906228813485,-7.887672616010417,-9.953197588726375,38.40761720459008,20.877641591829484,26.319947939542022,8.368066732367131,0.09002077315346844,0.010703361362880656,-242.32539766387305,-3.6857286050208176,-10.851004429733917,-1.1254782912931138e-11,36.0,1.2847362063084233e-12,2077.543213423585
jensen,20,29.303797468354432,84.7664173006715,-8.537580462218772,-10.707692773573427,40.823472512691076,22.619946378314005,28.867643891247106,8.414468630765747,0.09002243449336311,0.012039850950509929,-241.43369309255354,-3.292592066263589,-9.822019758343396,-1.126677451421948e-11,36.0,1.285208051093889e-12,1986.4363619800986
jensen,20,30.0,89.38932093151162,-9.19403804472416,-11.457694003725557,43.111357544056055,24.50765165989538,31.62332547871701,8.455179543240957,0.0900367512681976,0.013472194610522325,-240.63852032300645,-2.9522983901719337,-8.87499471754147,-1.128119505363484e-11,36.0,1.286332151906322e-12,1911.1519982305185
jensen,30,-25.0,0.01290677031995953,-2.289748671035506,-2.6858538034964567,0.747659178361056,0.043581452702248176,0.04561492434368415,0.033482221776252284,0.000290153993981105,3.4072550431235644e-06,-252.44899733314992,-78.22686620875687,-88.66179566032531,-1.0747957286694356e-14,2.0,3.7267864033511955e-13,12790.784151977898
jensen,30,-24.303797468354432,0.01356241583475529,-2.2897087204146196,-2.6857963194794676,0.7440114236745674,0.047218461125578634,0.049421532564609405,0.036276584669058025,0.00031436975119448704,3.691251214205532e-06,-252.9087434002888,-77.67081137059414,-89.9391553074856,-1.0108775848542657e-14,2.0,3.726903768236367e-13,12791.996987658786
jensen,30,-23.60759493670886,0.01405162306482435,-2.2896298004477753,-2.685686466799689,0.7406276390103776,0.05115898926775238,0.053545723210102196,0.039304336142412744,0.000340607680266142,3.998797107480919e-06,-253.4956809988392,-77.27144379182587,-91.7151102206943,-9.648612917969023e-15,2.0,3.7270317040927203e-13,12793.598512298795
jensen,30,-22.911392405063292,0.014365970687543826,-2.28952119143594,-2.6855367825535454,0.7375135812591345,0.05542836679783833,0.05801400679802021,0.04258493830313707,0.000369036418766987,4.331871433242143e-06,-254.12683127262596,-77.02085044396914,-93.76327768838111,-9.11789521338354e-15,2.0,3.727171566172971e-13,12795.482313585084
jensen,30,-22.21518987341772,0.014517890920103053,-2.2893905042321343,-2.6853575398759144,0.7346653698245817,0.06005403722494335,0.0628551055917324,0.04613947869069322,0.00039983870346178786,4.69261662823147e-06,-254.81923939062537,-76.89861854892284,-95.48416506652431,-8.696732220800336e-15,2.0,3.7273201018706015e-13,12797.56293018733
jensen,30,-21.518987341772153,0.014527162035672968,-2.2892439853584827,-2.68515716378926,0.7320731533061738,0.06506573430476918,0.06810013832126063,0.04999080564497084,0.00043321253764595834,5.083352851330527e-06,-255.52760436079,-76.88376128648005,-95.92104227635707,-8.25907680851982e-15,2.0,3.727484358499733e-13,12799.771576263649
jensen,30,-20.82278481012658,0.014415229279514415,-2.2890867083579263,-2.684942492180845,0.7297236650607463,0.0704956731678481,0.07378282013944978,0.0541636753444353,0.0004693724616790336,5.50659282982317e-06,-256.33571899722585,-76.95815949354068,-95.00415550022899,-7.928863449252455e-15,2.0,3.727661083453848e-13,12802.05342837463
jensen,30,-20.126582278481013,0.013712762941366254,-2.2890275800242583,-2.6848604970963477,0.7274718699494013,0.07637875739745467,0.07994001660879937,0.058684202806530424,0.0005085438259964154,5.965605918452159e-06,-262.7097247343982,-77.40043745613187,-94.49569927155704,-1.7594902640743137e-14,2.0,4.657822521778043e-13,12803.188888865614
jensen,30,-19.430379746835442,0.01153591979509699,-2.2892863330322073,-2.6852068648250422,0.724118102254171,0.08275280339222761,0.08661213448375842,0.06357968886578197,0.0005509659001009203,6.464609964968597e-06,-260.45324163500567,-79.27941844441621,-89.66283538340717,-1.5557578338425625e-14,2.0,4.657923352580084e-13,12800.899159156537
jensen,30,-18.734177215189874,0.010569132851548858,-2.289445733554139,-2.6854187275800756,0.7204287764657114,0.08965878344439078,0.09384075457359925,0.06888434844420595,0.000596936154315059,7.004695710218235e-06,-259.560137957028,-80.59122280047265,-86.83039318395251,-1.441358019266606e-14,2.0,4.658025267584298e-13,12799.813510283804
jensen,30,-18.037974683544302,0.010506450465219612,-2.289525567429193,-2.6855231248285003,0.7167337389157132,0.09714108911345469,0.10167234632804487,0.07463227662670352,0.0006467481099059202,7.589363672370853e-06,-259.3722643502401,-80.8581305790031,-85.883288962017,-1.348292974104559e-14,2.0,4.658134772003719e-13,12799.637721072291
jensen,30,-17.341772151898734,0.010906821062428317,-2.2895420865943685,-2.685542134746558,0.7131677981279607,0.10524781657327092,0.11015725294828281,0.08086041955674929,0.0007007212709154464,8.222385246781953e-06,-259.4827198362205,-80.39247844443729,-85.93876485721768,-1.2657516780374364e-14,2.0,4.658256202647038e-13,12800.158663871449
jensen,30,-16.645569620253163,0.011452339941367582,-2.289508721252429,-2.685493958374649,0.7097978820902535,0.11403107577368789,0.11935001643786776,0.08760881079351295,0.0007592022545950564,8.907837728088745e-06,-259.7800232862203,-79.71079144671691,-86.64626312560245,-1.1951224498295233e-14,2.0,4.658386306907736e-13,12801.209695479918
jensen,30,-15.949367088607595,0.011973322822589644,-2.2894365827828866,-2.6853936319597165,0.7066568398357607,0.12354732540270517,0.12930972863807566,0.09492082817222401,0.000822566813689536,9.65013321318517e-06,-260.19905997104524,-79.08813746150761,-87.85012249205407,-1.1276749526572052e-14,2.0,4.658528337392331e-13,12802.657727043363
jensen,30,-15.253164556962025,0.012395389692712838,-2.289334828169572,-2.6852535336339045,0.703758095087593,0.13385773580226076,0.14010041111845414,0.10284347271168219,0.0008912221776235635,1.045404782162573e-05,-260.7523255097198,-78.60817683340633,-89.47379181783143,-1.0724165560574081e-14,2.0,4.658685546707342e-13,12804.395925414554
jensen,30,-14.556962025316455,0.012693208082095503,-2.2892109826795606,-2.6850838268879773,0.7011034057175087,0.14502858217048156,0.15179142679018484,0.11142767065130174,0.0009656096344967211,1.1324752925401095e-05,-261.3471815570887,-78.27746856171318,-91.45377123623597,-1.0149857317061405e-14,2.0,4.658853598044077e-13,12806.338377393615
jensen,30,-13.860759493670885,0.011475605405537615,-2.2893386841831944,-2.6852536485525107,0.6981541059523219,0.1571316705767895,0.16445969323701248,0.12072488306630733,0.001046172515012313,1.2270691307716376e-05,-266.40672399102795,-79.09808039820203,-97.30895421631813,-1.7815883689923772e-14,2.0,4.657756385445522e-13,12805.448231346369
jensen,30,-13.164556962025316,0.010169422932949333,-2.2895774541047365,-2.6855726648944356,0.6942683504347417,0.17024479953584506,0.17818601480614535,0.13079615628819188,0.001133449257578829,1.3296780354187855e-05,-264.98247304419294,-80.48076901520372,-93.4666640715943,-1.618589117919375e-14,2.0,4.657853963641045e-13,12803.462341098459
jensen,30,-12.468354430379746,0.010146797389532137,-2.2897173616074293,-2.685758024200698,0.6902334169625649,0.18445226008556245,0.1930572048207213,0.14170922168689387,0.0012280233580279757,1.4407367944246663e-05,-264.52921094724036,-80.74302561330143,-89.73302899199848,-1.5014565950610746e-14,2.0,4.657949373432224e-13,12802.636116798476
jensen,30,-11.772151898734176,0.0108061288230681,-2.289778193883261,-2.685836664156877,0.6862801890202983,0.19984537761721313,0.2091688607062986,0.15353422378958168,0.0013305003446853942,1.5609633399164043e-05,-264.4777145810361,-80.132499370792,-88.52982687308342,-1.4233384732807784e-14,2.0,4.658053456840783e-13,12802.697428827587
jensen,30,-11.075949367088606,0.011669908209846161,-2.289776282057097,-2.6858307371789674,0.6825142665049794,0.21652309891133592,0.22662455102615098,0.16634717117422412,0.0014415379719464477,1.6911326901237475e-05,-264.6418624922582,-79.27499638299038,-88.59797320057213,-1.3396010714009261e-14,2.0,4.658168382271066e-13,12803.439101585525
jensen,30,-10.379746835443036,0.012493892548808705,-2.289725133656493,-2.685758532432678,0.6789883497465764,0.23459262816648635,0.245536482780992,0.18023042375972534,0.0015618492923503311,1.8320830641062288e-05,-265.0181573155274,-78.50063774674953,-89.49950286943348,-1.260136738981735e-14,2.0,4.658285476105695e-13,12804.696953856157
jensen,30,-9.683544303797467,0.013181564658159327,-2.2896359178549743,-2.6856351547344506,0.6757269342064228,0.25417011610658635,0.26602622328104125,0.19527322155353277,0.0016922074176902865,1.984721637988844e-05,-265.5147687370239,-77.89845197687184,-91.08006752537432,-1.1985192213546025e-14,2.0,4.658419917175083e-13,12806.339133736741
jensen,30,-8.987341772151897,0.013704920806619178,-2.2895178356370365,-2.6854730356516066,0.6727379460699197,0.2753814065964196,0.2882254816649847,0.21157225837121926,0.0018334501798882906,2.1500305063372598e-05,-265.99547516750243,-77.46804753127614,-93.30014629081488,-1.135575567769425e-14,2.0,4.658556526648816e-13,12808.259469839968
jensen,30,-8.291139240506329,0.014067093124834904,-2.2893784410855407,-2.6852823737156566,0.6700193435344924,0.2983628455645483,0.3122769556443132,0.22923230328384517,0.001986485461764759,2.3290730803666682e-05,-266.62824035595526,-77.1856650700452,-96.07899785423575,-1.0608208020644388e-14,2.0,4.658699641335584e-13,12810.372446985753
jensen,30,-7.594936708860757,0.012223708639609447,-2.2896405204631027,-2.685633331416623,0.666500832094543,0.32326215743226494,0.33834090559005325,0.2483549616727707,0.0021521903845391505,2.5239051680513334e-05,-271.38683322440477,-78.46948456463682,-100.04522610452844,-1.7373306857401032e-14,2.0,4.657684828102138e-13,12808.018130384307
jensen,30,-6.898734177215189,0.011435393318510028,-2.289831273345165,-2.685887475759179,0.6624243219704214,0.35023939469036025,0.3665791868900021,0.2690750500847571,0.0023317520702171787,2.7348390764913875e-05,-270.4450282417884,-79.33361731011367,-91.7457839732352,-1.622861933270152e-14,2.0,4.657784574702006e-13,12806.58404849333
jensen,30,-6.202531645569618,0.011675290308216615,-2.2899300841136827,-2.6860174315387217,0.6583287417078731,0.37946796670268007,0.39717278975776277,0.29152688745770083,0.002526323434170822,2.9631575672302645e-05,-270.04033938906707,-79.27216317302947,-89.21550752171063,-1.4816803874459364e-14,2.0,4.657871310875805e-13,12806.205454938663
jensen,30,-5.50632911392405,0.012400855515346563,-2.2899556605672986,-2.6860486149870506,0.6543845238455337,0.41113575439036965,0.43031837801591016,0.3158547871744373,0.002737151616029136,3.210334462323319e-05,-270.2461685658664,-78.6738416170673,-88.61509760142997,-1.4629006082141245e-14,2.0,4.657975394284364e-13,12806.636073843081
jensen,30,-4.810126582278478,0.013251458089317282,-2.289923463128701,-2.6860019768238006,0.6506738145880745,0.4454463179245074,0.46622901627481317,0.34221512475265475,0.002965590237061693,3.477962424498603e-05,-270.26121708778817,-77.96116678527837,-89.05751478100115,-1.2996571151907815e-14,2.0,4.658083814501612e-13,12807.684026328583
jensen,30,-4.11392405063291,0.014048089962904704,-2.2898462827258674,-2.6858948250097994,0.647237119898888,0.4826202052085307,0.505135541629868,0.3707773409438895,0.003213106919623391,3.767764586171446e-05,-270.72544295727107,-77.33061955437252,-90.23718018384002,-1.2659613398677055e-14,2.0,4.658200908336241e-13,12809.196017099188
jensen,30,-3.4177215189873387,0.014718799322942422,-2.289734678149764,-2.6857414325206586,0.6440919110313228,0.5228963695575808,0.5472880481144594,0.40172503043888586,0.003481292324391037,4.0816061127887335e-05,-271.07265254705396,-76.83571038643449,-92.0277183221696,-1.1830928879126177e-14,2.0,4.658326675788249e-13,12811.048614909267
jensen,30,-2.7215189873417707,0.015243804310853697,-2.289597328137939,-2.6855535214797808,0.6412419933966672,0.5665337056876665,0.5929574943670736,0.43525712229526825,0.0037718702039078993,4.421506386122218e-05,-271.59870432182396,-76.47473732987613,-94.30473063665112,-1.1473988771636742e-14,2.0,4.658461116857637e-13,12813.142361151156
jensen,30,-2.0253164556962027,0.015625752657430363,-2.2894413510219387,-2.6853406998077527,0.6386829360996933,0.6138127138878893,0.6424374458561483,0.47158915784340005,0.004086708386345271,4.789652177372267e-05,-271.9999580288225,-76.22983003669677,-96.61049055906369,-1.1038917074543148e-14,2.0,4.658612905161785e-13,12815.397053572704
jensen,30,-1.3291139240506311,0.01587590057216218,-2.2892725355548564,-2.6851107759895005,0.6364054682412691,0.665037303072986,0.6960459614095482,0.5109546774172906,0.004427830740269827,5.1884116955831745e-05,-272.5829473118741,-76.08068304946369,-97.67146640727474,-1.020516729796769e-14,2.0,4.658777703892003e-13,12817.748466574265
jensen,30,-0.6329113924050631,0.0160110322806806,-2.289095603548155,-2.684870115601756,0.6343975648734146,0.7205367443064336,0.7541276390190613,0.5536067188935385,0.004797430133386165,5.6203500825257016e-05,-273.0452556119934,-76.0084836361666,-96.76350301883026,-1.0175798124587541e-14,2.0,4.658959849856981e-13,12820.144965598092
jensen,30,0.06329113924050844,0.014954650711902695,-2.2891469165420135,-2.6849376331179515,0.6322179021831142,0.7806677873477706,0.8170634716123886,0.5998033862870779,0.005197730427831175,6.0894820101893456e-05,-282.1103384297826,-76.61733192826357,-95.74903104429531,-1.114585921929874e-14,2.0,2.910970076097641e-13,12819.941898581688
jensen,30,0.7594936708860764,0.013124503166620892,-2.289362900469138,-2.6852267911546175,0.6290587849775252,0.8458169538522708,0.8852574296644182,0.6498426941858721,0.005631359092340635,6.59866010736293e-05,-281.24992592670424,-78.05320560841216,-89.63923172741372,-1.009468286142668e-14,2.0,2.91103946503668e-13,12818.014019538983
jensen,30,1.455696202531648,0.012324132512683461,-2.2894863854418768,-2.6853908760870304,0.6257314543796088,0.9164030218955667,0.9591394119750211,0.7040640883112339,0.006101244416609726,7.149804682476569e-05,-281.32071889661466,-78.9172728424294,-87.15978728957913,-8.802422292041208e-15,2.0,2.9110915067409593e-13,12817.178599669558
jensen,30,2.151898734177216,0.012350398214630158,-2.2895359887698477,-2.6854552429089247,0.6224865941010411,0.9928797179025058,1.0391843595968868,0.7628160804353419,0.006610392922779479,7.746479447139339e-05,-280.78276636395617,-78.9712383791557,-86.43507808060778,-8.323837665414214e-15,2.0,2.9111608956799984e-13,12817.176593638926
jensen,30,2.8481012658227876,0.012883121016727124,-2.2895270848167195,-2.685440751433405,0.6194393006948188,1.075738633185866,1.1259068176023546,0.8264763133932685,0.007162071883462768,8.392532012633381e-05,-280.88885455960985,-78.47329586444896,-86.67505418109273,-7.895319462233527e-15,3.0,2.911204263766898e-13,12817.811190186441
jensen,30,3.5443037974683556,0.013659921867026645,-2.289472370623672,-2.685364598736426,0.6166499150857994,1.1655123838895756,1.2198642491186862,0.8954539851142265,0.007759824804904634,9.092124264971447e-05,-280.37305541559766,-77.7792095535454,-87.58248928896334,-7.206658806226205e-15,3.0,2.9112823263233167e-13,12818.926403452713
jensen,30,4.240506329113927,0.014519415560357874,-2.289382357872665,-2.6852410063537517,0.6141503949309683,1.2627780346391368,1.3216606232201644,0.970192472604319,0.008407492665894911,9.849761254125099e-05,-280.0162431180485,-77.09294852748499,-89.04182920610731,-7.17729471504374e-15,3.0,2.9113777361144955e-13,12820.396466139988
jensen,30,4.936708860759495,0.015373487606358451,-2.289265695727579,-2.6850816669077178,0.6119565224817015,1.3681608079063068,1.431950296623384,1.0511721847133888,0.0091092380204266,0.00010670320695883047,-280.4681101387646,-76.4884692375062,-91.02685619749965,-6.958480693779537e-15,3.0,2.9114557986709144e-13,12822.11982152015
jensen,30,5.632911392405067,0.016179656131974973,-2.2891294748072157,-2.684896160561436,0.6100747431796618,1.4823381029318847,1.5514422204865899,1.1389136498799701,0.009869571462653487,0.0001155908483857665,-280.2513445104397,-75.97827266197692,-93.5488384347154,-5.715705483238555e-15,3.0,2.911568555696853e-13,12824.01436024509
jensen,30,6.329113924050635,0.014984646940875658,-2.289364612720932,-2.68521179973394,0.6075717729514952,1.6060438500330132,1.680930501239727,1.2339261489244502,0.010692885835200065,0.00012525954627963209,-282.8285870214696,-76.64935012347419,-101.35359703106197,-1.0388942107302825e-14,3.0,2.9109874233324007e-13,12821.732570695895
jensen,30,7.025316455696206,0.014206873681423414,-2.2895694846668793,-2.685486094282898,0.6044766619514711,1.7400732283355984,1.8212239609583252,1.3368696094868582,0.011584997188545618,0.00013573224811373285,-282.544755690789,-77.28152166988957,-93.00406718096153,-9.412480831642173e-15,3.0,2.9110741595061995e-13,12819.899413559186
jensen,30,7.721518987341774,0.014470166711446726,-2.289681797938318,-2.68563539704229,0.6014128938370351,1.885287777105194,1.973219194995944,1.4484168272463331,0.01255168316763591,0.00014706841085469996,-281.83495321906764,-77.18655028821209,-90.15366229930363,-9.185542070347906e-15,3.0,2.911108853975719e-13,12819.12528068451
jensen,30,8.417721518987342,0.015457435316446898,-2.2897202924191347,-2.6856851752775834,0.5985760028199675,2.042620933148149,2.1378932797265486,1.5692847824209695,0.013599138275111947,0.0001593412920064714,-282.5108158419687,-76.54411883759526,-89.57965319377573,-8.971833963689752e-15,3.0,2.911195590149518e-13,12819.161042633308
jensen,30,9.11392405063291,0.016859047561804293,-2.2897004691023843,-2.6856564449445983,0.5960683372146096,2.21308403404169,2.3163047800783376,1.7002503822896475,0.014734087025971628,0.00017263007372974475,-282.23477547847904,-75.68103865485742,-90.24445233577724,-9.39302787297553e-15,3.0,2.911247631853797e-13,12819.81147713158
jensen,30,9.810126582278485,0.01846930123245947,-2.2896351836163498,-2.68556661512196,0.5939508799547117,2.397772812736778,2.509600560554341,1.8421554358331942,0.015963820536947837,0.00018702045086068397,-281.88473120257885,-74.7995278809782,-91.86832643590479,-8.372370112193044e-15,3.0,2.911334368027596e-13,12820.919095161995
jensen,30,10.506329113924053,0.020176917379613205,-2.2895350476741156,-2.685430047196876,0.592263504524762,2.5978744471801627,2.7190231647585614,1.9959120732757527,0.01729624132952081,0.000202605208421369,-281.9499169640339,-73.97661995301942,-94.4915195418724,-8.380215331350513e-15,3.0,2.911490493140434e-13,12822.355817163863
jensen,30,11.202531645569621,0.021930882912923298,-2.289408820418288,-2.685258592388453,0.5910356428104937,2.814675188350768,2.945918804794279,2.162508598946901,0.01873991312269259,0.0002194848442331776,-281.5270022991278,-73.22611570997171,-98.44994153286662,-7.388763266589354e-15,3.0,2.9115945765489926e-13,12824.016526500585
jensen,30,11.89873417721519,0.02333716023972906,-2.289357627787864,-2.685188785302322,0.5901841947283137,3.04956862886076,3.191758094392621,2.3429905080102666,0.020303859512805382,0.00023778798265465095,-283.21524025012536,-72.6719033030675,-109.02558425542406,-1.3754364943004138e-14,3.0,2.91103946503668e-13,12824.748957898208
jensen,30,12.594936708860764,0.022944949205432472,-2.289630228158066,-2.685555741173168,0.5885316045512163,3.3040646610974407,3.4581578481301376,2.538440719723741,0.02199756236142307,0.0002576897796660121,-283.4023082451913,-72.87738267506799,-94.70417522114337,-9.048781824750121e-15,3.0,2.911108853975719e-13,12821.879621268503
jensen,30,13.291139240506332,0.023517087012174497,-2.2897953178011883,-2.6857774698804517,0.5868738590329016,3.579799182532217,3.7467763591899,2.7502292572334985,0.023832944619592247,0.00027923027778282083,-282.133287371782,-72.71598696201605,-90.51081261811873,-1.8308949191817026e-14,3.0,5.822495263707594e-13,12820.250915587701
jensen,30,13.9873417721519,0.025173571815157822,-2.2898745442824793,-2.6858835194301185,0.585609104953442,3.8785446114644775,4.059469090334645,2.9797173036419755,0.02582172153593853,0.00030254957456739756,-282.16888850206783,-72.1142270309965,-89.48753961674441,-1.844711042990957e-14,3.0,5.82280751393327e-13,12819.546657246035
jensen,30,14.683544303797468,0.027761054549436892,-2.2898857765561083,-2.6858981846505947,0.5849453168496891,4.202221280038574,4.398246208371492,3.2283798481581356,0.027976648095859348,0.00032779886107159783,-282.38594872585134,-71.22202031352782,-89.86841237429607,-1.732979604545e-14,3.0,5.823327930976063e-13,12819.526710486252
jensen,30,15.379746835443044,0.031129037475322523,-2.289843855719616,-2.685841630937266,0.585039422880826,4.552909778116722,4.7652855681733675,3.4978151145938066,0.030311561942434784,0.0003551418511481207,-282.12467326723606,-70.18766142505766,-91.14108295773525,-1.1200665639117882e-14,3.0,5.823813653549337e-13,12819.994437161185
jensen,30,16.07594936708861,0.035204039834488374,-2.2897611372650424,-2.685730661010306,0.5860395217061221,4.932864327286585,5.162946743128971,3.7897548042406464,0.032841463705875415,0.00038475604337874725,-281.25457378413824,-69.09433728022387,-93.05837143337249,-1.3525367891648044e-14,3.0,5.824750404226364e-13,12820.78294951438
jensen,30,16.77215189873418,0.04001197433655205,-2.289647907173908,-2.6855792984814975,0.5881105386735793,5.344527270971464,5.593786218952033,4.1060752077571605,0.03558261006126785,0.00041683407042229597,-281.71193496457096,-67.97111054709184,-95.31664042308446,-1.2059472344339017e-14,3.0,5.826450433232822e-13,12821.745628617584
jensen,30,17.468354430379748,0.04568843466772725,-2.289512775058952,-2.6853993400265086,0.5914585858654579,5.790544773785546,6.060573872352926,4.448809220861296,0.03855261628864747,0.0004515852450075074,-281.55453334292497,-66.81547274132728,-97.16901061102989,-1.2519919454466455e-14,3.0,5.830058658062853e-13,12822.747015930918
jensen,30,18.164556962025323,0.052501486156670864,-2.2893630235210267,-2.6852008544922517,0.5963611749189092,6.273783831049188,6.566310845175511,4.820159344935985,0.04177056785116862,0.0004892373850449152,-281.11229346890065,-65.60783654357586,-97.25248843277372,-1.530894822802248e-14,3.0,5.84074455467487e-13,12823.652909537912
jensen,30,18.86075949367089,0.06090762288336405,-2.2892049405826893,-2.684992674040325,0.6032123734150936,6.797350697801739,7.114248949651054,5.222511737537398,0.045257141094071994,0.0005300390836520458,-281.4272382117257,-64.31825755610441,-94.87420652169521,-7.79577953840399e-15,2.0,5.913221301501181e-13,12824.317448449643
jensen,30,19.55696202531646,0.0716596918699647,-2.2890441954772314,-2.684782974077726,0.6125976952400463,7.36461085577259,7.7079117770443855,5.658451352533419,0.049034732815888916,0.000574262756411602,-281.42504481521235,-62.908218233979945,-90.81330940046283,-1.3227889920572333e-14,2.0,6.265335472654954e-13,12824.563188750379
jensen,30,20.253164556962027,0.08437697579798369,-2.2892387365565674,-2.685055436862508,0.6246055798520743,7.979210646590487,8.351235965860903,6.130529450643842,0.05312533159896717,0.0006223990036551852,-283.72069634253603,-61.49117670182121,-87.72343615148185,-1.2331762943695174e-14,2.0,3.7738562275180243e-13,12820.22928471474
jensen,30,20.949367088607595,0.10235529239933623,-2.2894618683563213,-2.68536997870423,0.6405630611059119,8.645100710724089,9.048267826255957,6.641970588739761,0.05755735081703198,0.0006746280876735565,-283.8966225137431,-59.834010946495894,-81.54306863522079,-1.7288064426204675e-14,2.0,3.779268564763072e-13,12814.823321069136
jensen,30,21.64556962025317,0.1313399078708672,-2.289614048410745,-2.6855952674412227,0.6638316871823713,9.366561381644988,9.803456343790224,7.196137546514858,0.06235979219928641,0.0007312781120462227,-282.99923230602894,-57.71048014026019,-75.58127539869429,-1.5412963873945307e-14,3.0,3.7827380117150256e-13,12808.819278500898
jensen,30,22.341772151898738,0.18023944294028177,-2.2897276626846352,-2.6857806441286542,0.6998903460718489,10.148230200144004,10.621672621843206,7.796575330202866,0.0675630949851413,0.0007928299723410002,-283.4323757167346,-55.0317073801768,-69.92632862166343,-1.0326144778659285e-14,2.0,3.8403308311174555e-13,12800.645152683646
jensen,30,23.037974683544306,0.2715781717562083,-2.289857510267003,-2.6860138847201935,0.7610501293164322,10.995131724189552,11.508219781887643,8.447096451925862,0.0732002313049968,0.0008599826074613252,-283.74205144680184,-51.59606958269157,-63.80887983462789,-1.0693594447441779e-14,2.0,4.0167869030938164e-13,12786.736505751987
jensen,30,23.734177215189874,0.4845706712804328,-2.290175809960103,-2.686574974632181,0.884598658968781,11.912709825323526,12.468958443929392,9.15169270141418,0.07930513908327337,0.0009342902028330305,-282.3467434375174,-46.83833149105266,-56.17212992725695,-6.279834508307602e-15,2.0,4.25659507641285e-13,12755.097347837218
jensen,30,24.43037974683545,1.3938422716193735,-2.292353957252265,-2.6900739986499236,1.2855405404540856,12.906862689360048,13.511508788461688,9.912886830382147,0.08588841605607422,0.001026156286825361,-281.9885220972069,-38.540081924268556,-44.12178655955786,-1.8695277530927923e-14,3.0,5.438566264004407e-13,12614.140430183614
jensen,30,25.126582278481017,12.157695900071797,-2.4105978854230776,-2.860577031355665,4.452274080644513,13.983980711514931,14.720313722468237,10.589811125221553,0.08966541632559322,0.0015740558109245688,-240.8474984035579,-22.063453135486583,-24.480798999312867,-8.365654631699304e-12,3.0,7.067055274312395e-13,10019.981591763657
jensen,30,25.822784810126585,23.38560071418626,-2.741057804306151,-3.332482655129047,8.631975047566161,15.150987331181481,16.190964370144794,11.031855797952351,0.08986729096953333,0.0026377467757869775,-243.164821587862,-15.610959665330345,-18.92932597617376,-8.392211838653685e-12,4.0,6.421391196553827e-13,6910.902506707556
jensen,30,26.518987341772153,32.32820614714255,-3.167179334901022,-3.9344215175244206,12.613586070026393,16.415383529085794,17.87835604536909,11.365969086998271,0.08993071739140908,0.003789492002335853,-245.63026179074515,-12.189388536775665,-16.76639864308326,-8.396568488243383e-12,5.0,6.423334086846921e-13,5190.770758268837
jensen,30,27.215189873417728,40.05098618467266,-3.654150452049386,-4.609914526445492,16.396441206587777,17.7852971776561,19.773493968262024,11.630211685298883,0.08996489615026915,0.005006200026729005,-248.28823080125028,-9.938796493261213,-15.847086257579335,-8.41300748684326e-12,5.0,6.428052534701578e-13,4181.393649462819
jensen,30,27.911392405063296,46.97451862436852,-4.184222094792593,-5.32895971490258,19.986561024390518,19.269534921261407,21.87543198432425,11.844277184862337,0.08998948531950507,0.0062920543255509855,-251.0621897667159,-8.314189054348809,-15.47317283921431,-8.416895002152924e-12,6.0,6.431105648019297e-13,3535.0328492254134
jensen,30,28.607594936708864,53.32363899568,-4.746355119036557,-6.073300555230857,23.39066356042144,20.877637986283656,24.187516136320372,12.020600332594375,0.09000361505964487,0.0076542024977243875,-253.1943561412465,-7.077530210557921,-15.22863420735625,-8.440535488422884e-12,36.0,6.436934318898579e-13,3092.3591119995817
jensen,30,29.303797468354432,59.23808534667449,-5.333032946933971,-6.831358936632438,26.615916140758657,22.619942739586858,26.71641376916094,12.167746115240424,0.09002254179319906,0.009100198813148136,-253.86941677049447,-6.102692677977154,-14.817955074586752,-8.453746275054186e-12,10.0,6.441097655240924e-13,2773.7137321659125
jensen,30,30.0,64.81284189971564,-5.93882475330502,-7.595663864338781,29.669775620273697,24.507648922445856,29.471470599093394,12.291887078947214,0.09003545892466952,0.010638747855733557,-253.01281728898047,-5.314719379780688,-14.104701763690136,-8.461873562959354e-12,36.0,6.44359565704633e-13,2535.5896430778744
jensen,50,-25.0,0.007892527410043619,-2.287000764798316,-2.6819111001675875,0.43713267555974283,0.04358145270224473,0.045608650180224836,0.03349281604666384,0.0001741442624576265,3.385633342819086e-06,-252.52261679769222,-82.20238606039715,-100.30747642754702,-9.095674998078218e-15,2.0,3.726008488292437e-13,12872.468013380569
jensen,50,-24.303797468354432,0.00805063893853793,-2.286952226659093,-2.6818444937984594,0.43540214871760385,0.047218461125593,0.049414731776100854,0.03628809899616906,0.00018867801945207234,3.6679495357544784e-06,-253.18071357793207,-81.99415674324648,-103.11393085523844,-8.656781567735952e-15,2.0,3.726065679957036e-13,12873.259408295236
jensen,50,-23.60759493670886,0.0076985886874802656,-2.2869709443000685,-2.681868771598145,0.4337074179828757,0.05115898926761353,0.05353857984042309,0.039316369536231105,0.0002044228062780186,3.974050552162158e-06,-259.0538517903386,-82.3795225561412,-105.39120091798972,-1.4894569704648986e-14,2.0,3.7256875644493814e-13,12873.262002347534
jensen,50,-22.911392405063292,0.006819038036181123,-2.287151428752317,-2.6821112129505726,0.4313737958448309,0.05542836679784986,0.05800695540800605,0.042596558317799245,0.00022147782849232757,4.306299393015705e-06,-257.2611342821545,-83.73837775638574,-96.27173333678066,-1.3437857529735413e-14,2.0,3.725722529969444e-13,12871.462416791795
jensen,50,-22.21518987341772,0.00676683269133766,-2.287266840392804,-2.682265653134565,0.4288746463929339,0.06005403722505941,0.06284809950960801,0.04615076100600926,0.00023995804994923303,4.666043924984155e-06,-256.69416230119214,-84.03978454765073,-93.23268394819058,-1.2436763318358744e-14,2.0,3.7257591217927655e-13,12870.440667085548
jensen,50,-21.518987341772153,0.007119745840029886,-2.287329901291722,-2.68234939000544,0.42639544543441954,0.06506573430495433,0.06809313190700854,0.050001823213526045,0.0002599818292798049,5.055603484843981e-06,-256.614840783215,-83.57888197323233,-92.45182009261308,-1.1634138614463092e-14,2.0,3.725798695172061e-13,12870.024243531738
jensen,50,-20.82278481012658,0.007579729875551764,-2.287351138600534,-2.682376690522943,0.42401387041859745,0.07049567317680523,0.07377576806767704,0.054174499166933135,0.0002816777238311039,5.477485442599588e-06,-256.82841253319526,-82.9025933276084,-92.78179012417058,-1.0935951643595797e-14,2.0,3.7258385396019e-13,12870.080658654142
jensen,50,-20.126582278481013,0.008003556294608189,-2.2873392808920383,-2.68235936781796,0.42176824463321055,0.07637875739828334,0.0799325361640764,0.058695610542642905,0.0003051851216778639,5.934403733065227e-06,-257.1990034860586,-82.29453672675767,-93.83930441080528,-1.0398243587854861e-14,2.0,3.7258819076887995e-13,12870.50366226764
jensen,50,-19.430379746835442,0.00833571862314252,-2.2873015615289614,-2.6823072029346284,0.41967676485684796,0.08275280339257893,0.0866030120708592,0.06359421883328814,0.00033065509228520824,6.429296943780167e-06,-257.6984160956454,-81.83676674929798,-95.44878308404888,-9.836161206144617e-15,2.0,3.7259290704833026e-13,12871.207074001366
jensen,50,-18.734177215189874,0.008562612068535154,-2.287243953861507,-2.6822282679019267,0.417746050108632,0.08965878344447381,0.09383007367694607,0.06890181210867852,0.0003582513400870914,6.965347402904491e-06,-258.3337675939093,-81.53341003368544,-97.43863202615506,-9.351390433206028e-15,2.0,3.725980841137039e-13,12872.120864532386
jensen,50,-18.037974683544302,0.00868854403213802,-2.287171380321715,-2.6821292110694173,0.41597575183939983,0.09714108911341204,0.10166017658810778,0.07465250739627974,0.00038815124879405696,7.546001798675687e-06,-258.93238139918094,-81.36629296992324,-99.38624131362273,-8.904916402092971e-15,2.0,3.72603478019512e-13,12873.188090015126
jensen,50,-17.341772151898734,0.008724246424749215,-2.287087880343344,-2.6820154855773195,0.41436119691093437,0.10524781657319988,0.11014365273686837,0.08088326998369434,0.0004205470169685824,8.1749933887706e-06,-259.7118308291689,-81.31407387343971,-100.38514638829652,-8.318866587865456e-15,2.0,3.7260965797189516e-13,12874.362582189204
jensen,50,-16.645569620253163,0.008682432395021117,-2.286996748603616,-2.681891537183005,0.41289518237408007,0.11403107577364971,0.11933503389798591,0.08763415107689894,0.00045564689144176175,8.856366007472846e-06,-260.375532390192,-81.35742244656606,-99.88123658061893,-7.98093834663538e-15,2.0,3.726160547647128e-13,12875.607106655296
jensen,50,-15.949367088607595,0.008576009636294846,-2.286900665725888,-2.681760981429844,0.4115690075384133,0.12354732540273358,0.129293402263232,0.09494854515849174,0.0004936765297986168,9.594500151971759e-06,-261.17294513832695,-81.48016600459991,-98.57576417898352,-7.668865309664208e-15,2.0,3.726216384059011e-13,12876.891713042463
jensen,50,-15.253164556962025,0.007321185557688818,-2.287033690934047,-2.6819397000975305,0.40981415016686923,0.13385773580224347,0.1400840776750187,0.10287072249346049,0.0005348655277832719,1.0396267461826028e-05,-265.68439423174755,-83.03568745738446,-95.961808694285,-1.6082442304191753e-14,2.0,4.657086348502926e-13,12875.558215579731
jensen,50,-14.556962025316455,0.006479239161372699,-2.2871516347222416,-2.6820978134883844,0.4076425514393176,0.14502858217070969,0.15177523364927445,0.11145409234794505,0.0005794944572712229,1.126483690828606e-05,-264.3831298394896,-84.65672377402055,-92.01607831086915,-1.485357050420524e-14,2.0,4.657121042972445e-13,12874.451072174043
jensen,50,-13.860759493670885,0.0062730625054563515,-2.287217728853686,-2.682185855473567,0.4054155522461563,0.1571316705782798,0.16444176672550914,0.12075436579011217,0.0006278513980975651,1.2205394215756161e-05,-263.9115779680766,-85.31008044632118,-90.5234441393055,-1.380907374227611e-14,2.0,4.657156821644137e-13,12873.953711611584
jensen,50,-13.164556962025316,0.006437796172181228,-2.2872423782728837,-2.682217943621396,0.40324134172956566,0.17024479941803697,0.1781650985098364,0.13083132360722377,0.000680246617532059,1.3223995338185101e-05,-263.8777823610481,-85.04902734911148,-90.266395620601,-1.2922860650771851e-14,2.0,4.657200189731037e-13,12873.931516559283
jensen,50,-12.468354430379746,0.006749145206813926,-2.2872341926911655,-2.6822057376171538,0.40117194119923283,0.18445226008572257,0.19303344354249183,0.1417497401016011,0.0007370166631410103,1.4327193610282698e-05,-264.1006367466583,-84.4006555965486,-90.75806409484828,-1.2173242527561544e-14,2.0,4.657244642020109e-13,12874.277973171784
jensen,50,-11.772151898734176,0.007074551481866502,-2.2872003143107875,-2.6821588996697847,0.3992334827168413,0.19984537761717994,0.20914237560114252,0.15357979790978812,0.000798526326187359,1.552208446211464e-05,-264.47350951309,-83.73943931481962,-91.79028097649207,-1.1590883235885216e-14,2.0,4.657291262713525e-13,12874.906950611243
jensen,50,-11.075949367088606,0.007352682861772765,-2.28714663756457,-2.6820853982285673,0.3974378345822372,0.21652309891129234,0.22659544324521033,0.16639754028593817,0.0008651709297203358,1.681635168610271e-05,-264.98472459220886,-83.20369813982774,-93.26567429495213,-1.0878832400314177e-14,2.0,4.657347641226495e-13,12875.748623025884
jensen,50,-10.379746835443036,0.007559485113197151,-2.2870780206781207,-2.6819917972220724,0.39578840996264997,0.23459262816654583,0.24550483493752526,0.18028535924049438,0.0009373788391581563,1.8218317303055135e-05,-265.5436259760544,-82.8192145143899,-95.12402974351613,-1.0364302977658381e-14,2.0,4.657406188143809e-13,12876.746247184217
jensen,50,-9.683544303797467,0.0073963721922675005,-2.2870561608454025,-2.6819614082891907,0.3942169728085605,0.2541701161060402,0.2659927194442888,0.19533122746626172,0.001015606361332354,1.9738014378067855e-05,-271.63623179614837,-82.89483540817992,-98.37915344595314,-1.8743716804082555e-14,2.0,4.657016959563887e-13,12877.188799645051
jensen,50,-8.987341772151897,0.006287057602476583,-2.287226672741206,-2.6821905580466514,0.3920036135905157,0.27538140659660026,0.2881925887071284,0.21162807434261657,0.0011003396909540757,2.1388077593997948e-05,-269.9496563137371,-84.51359274127464,-100.37481032021454,-1.648019383550844e-14,2.0,4.657053822437751e-13,12875.464018128927
jensen,50,-8.291139240506329,0.006026182410884058,-2.2873329128433006,-2.6823327804215613,0.38959517228603313,0.29836284556522785,0.31224445436721776,0.22928629400641667,0.0011921542049506178,2.3174695867475938e-05,-269.2742134545433,-85.21704097880296,-95.1374028111111,-1.5555670926107527e-14,2.0,4.657090685311616e-13,12874.510374357442
jensen,50,-7.594936708860757,0.006312057452376087,-2.2873875377453365,-2.6824052860670293,0.38719626590917045,0.3232621574343561,0.3383029262964931,0.24841938947986236,0.0012916376597898436,2.5109388582736053e-05,-268.9381576813175,-84.85182854897504,-93.22375340532551,-1.430996667563494e-14,2.0,4.657125379781135e-13,12874.155670549408
jensen,50,-6.898734177215189,0.006808634362103541,-2.287401012352548,-2.6824222569883345,0.38489002383711535,0.3502393946910905,0.3665355102510509,0.2691503463164935,0.0013994287015434116,2.7204608025713717e-05,-268.93353796251216,-84.02839080249935,-92.8983428807588,-1.362068980315849e-14,2.0,4.65715790584631e-13,12874.268195180177
jensen,50,-6.202531645569618,0.007322045037679837,-2.2873820127678752,-2.6823954351182695,0.38271764626955795,0.37946796670274757,0.39712368638368184,0.2916124216993774,0.0015162198219589946,2.9473832594224055e-05,-269.2464062869849,-83.20438232970969,-93.51997767735187,-1.3053860437053596e-14,2.0,4.657203442337554e-13,12874.742266268195
jensen,50,-5.50632911392405,0.007768374133375253,-2.2873377186655466,-2.6823345291283562,0.3806992427513246,0.4111357543902563,0.4302640761572944,0.3159500007917041,0.0016427615615442522,3.1931656388036145e-05,-269.53489843661134,-82.53609754818582,-94.8584278810999,-1.2416140342494148e-14,2.0,4.657253315637488e-13,12875.492203421381
jensen,50,-4.810126582278478,0.008119273870179548,-2.287274060031608,-2.6822475529248715,0.3788428500673125,0.44544631792452005,0.466169706461401,0.3423195245597301,0.0017798672401199544,3.459388434022046e-05,-270.0527715064772,-82.04450144510147,-96.84462833293993,-1.1803804978330963e-14,2.0,4.657307525746113e-13,12876.448307740138
jensen,50,-4.11392405063291,0.00837153292949751,-2.2871959168779714,-2.682141098199679,0.3771492566270329,0.48262020520884047,0.5050713789963311,0.37089049537821056,0.001928418142264997,3.7477634371734065e-05,-270.461435605123,-81.71057638859743,-99.44384694899144,-1.0854587670385799e-14,2.0,4.657359567450392e-13,12877.553927074308
jensen,50,-3.4177215189873387,0.007723009242687028,-2.2872633832041416,-2.682231283373582,0.375314425816598,0.5228963695573181,0.5472225952939704,0.4018393450537868,0.0020893285257296635,4.0607079266670145e-05,-276.1531169664915,-82.38296575203522,-108.41450957427945,-1.8446426027288187e-14,2.0,4.656990938711747e-13,12876.976807512354
jensen,50,-2.7215189873417707,0.006947001935409617,-2.2874033476342124,-2.6824191263501467,0.37292698731970486,0.566533705688706,0.592893299157316,0.4353670786326128,0.002263654717303026,4.4000515559119816e-05,-274.9521790479604,-83.56251348223039,-98.11371197521895,-1.6488597037619913e-14,2.0,4.657021296372577e-13,12875.616135245225
jensen,50,-2.0253164556962027,0.006902999023940529,-2.2874834190481073,-2.6825260229528363,0.3704590608747221,0.6138127138897767,0.6423740816923424,0.47169547352693353,0.0024525458613450716,4.767492027979622e-05,-274.7272860616643,-83.82104126082864,-94.275157557737,-1.5460849611068908e-14,2.0,4.657069001268166e-13,12874.961418813065
jensen,50,-1.3291139240506311,0.007263063057361597,-2.28751557270145,-2.682568224492349,0.368051594250794,0.6650373030754184,0.6959830113821883,0.5110580430167567,0.0026572130557837837,5.165396103139788e-05,-274.2213536889035,-83.36165702236308,-93.1251465943801,-1.4463126114366278e-14,2.0,4.657095022120306e-13,12874.856917046209
jensen,50,-0.6329113924050631,0.00776305407479224,-2.28750972848552,-2.682559164343603,0.36576874728384906,0.7205367443091473,0.7540646894717339,0.5537078063444285,0.0028789706527226574,5.5963242008964056e-05,-274.40312648241576,-82.6569283571851,-93.23499341171112,-1.406897457895454e-14,2.0,4.657147063824585e-13,12875.179953518715
jensen,50,0.06329113924050844,0.008260535962182696,-2.2874741016415068,-2.682509955799262,0.36364254167321136,0.7806677873536982,0.816992466803384,0.599918913824173,0.0031192435090763794,6.0630481939247035e-05,-274.3752772967357,-81.98476535949652,-94.16291046614535,-1.2657752467291937e-14,2.0,4.657173084676725e-13,12875.831512409137
jensen,50,0.7594936708860764,0.008693460140890858,-2.2874154913567675,-2.6824297901768763,0.36168789130252227,0.8458169538543526,0.8851708446126535,0.6499884079087032,0.0033795758017771582,6.568569692077958e-05,-274.81334135003146,-81.43831447871378,-95.73851912688177,-1.237220453176183e-14,2.0,4.657229463189694e-13,12876.731048805019
jensen,50,1.455696202531648,0.009040995321427386,-2.2873394931864306,-2.6823262277493387,0.35990982022753054,0.9164030218955848,0.9590380743351051,0.7042381335810329,0.003661640821933527,7.116139429016241e-05,-275.138994371581,-81.02960278965618,-97.86029303595907,-1.1712562801010967e-14,2.0,4.657272831276593e-13,12877.813135094071
jensen,50,2.151898734177216,0.00930126421601475,-2.2872507092415355,-2.682205483805153,0.3583073354637001,0.9928797179017027,1.0390689753948987,0.7630168058488,0.00396725165591096,7.709278351467011e-05,-275.40314940561126,-80.74426191046273,-100.25524869991065,-1.125907957225938e-14,2.0,4.657329209789562e-13,12879.02454570676
jensen,50,2.8481012658227876,0.009479551335228605,-2.2871529019686,-2.6820726376924817,0.3568758664492613,1.0757386331850667,1.1257779871557934,0.8267022517834303,0.004298372805107148,8.351800274035019e-05,-275.73239801198247,-80.56206837544089,-101.95607606521584,-1.0626760159771625e-14,2.0,4.657389925111222e-13,12880.322180965813
jensen,50,3.5443037974683556,0.009584836612776187,-2.287049127798751,-2.681931814157405,0.35560878991069883,1.1655123838892676,1.2197224756217606,0.895703839502483,0.00465713279277075,9.04783641351911e-05,-276.1483995903504,-80.46349852602866,-101.70342587525178,-9.725363790929597e-15,2.0,4.657454977241571e-13,12881.671339188053
jensen,50,4.240506329113927,0.009490426853757507,-2.286976249663303,-2.6818327937169735,0.3544679098956067,1.2627780346370694,1.321508150535876,0.9704612665847864,0.00504581396608058,9.80216496410291e-05,-281.7788699133947,-80.54445013189604,-101.00539510399352,-1.112455125847761e-14,2.0,2.910588436932926e-13,12882.645985229823
jensen,50,4.936708860759495,0.008210130031484884,-2.2871310229492408,-2.6820410154459076,0.3527060316456354,1.3681608079072898,1.431800946154075,1.0514305565911668,0.005466796350623545,0.00010621518345041744,-282.8616910224472,-81.99330659495374,-95.81351186292848,-1.0226636195048797e-14,2.0,2.9106144577850657e-13,12881.029873531734
jensen,50,5.632911392405067,0.007505274070691841,-2.2872256301664544,-2.6821678508377804,0.3507237216894872,1.4823381029349647,1.5512949655798027,1.1391633144817592,0.005922961698538304,0.00011508712946762602,-282.65747069446195,-83.12859601708351,-92.23489475971968,-9.214993405923938e-15,2.0,2.910657825871965e-13,12880.13906834645
jensen,50,6.329113924050635,0.007359855906126629,-2.287271989913305,-2.682229514758168,0.34874865080007056,1.6060438500446703,1.6807583398080943,1.234223465540262,0.0064172284678468625,0.0001246947000484483,-282.3917954910872,-83.47216111925789,-91.00084633914756,-8.99584141851378e-15,2.0,2.910649152254585e-13,12879.809522183665
jensen,50,7.025316455696206,0.007588329015247572,-2.2872799485304203,-2.6822393529238835,0.34687067370908936,1.7400732283400686,1.8210232697947792,1.3372220455098283,0.006952769337629364,0.00013509973869640872,-282.0580983987099,-83.13268456351823,-90.93458567145734,-7.832209578432451e-15,3.0,2.9106838467241047e-13,12879.916723974564
jensen,50,7.721518987341774,0.008014709538826225,-2.287257660611771,-2.6822084032972326,0.3451357990142036,1.885287777105931,1.9729913849512155,1.4488211217533091,0.007533024699569185,0.00014636918877878043,-281.02566817320195,-82.47815591718252,-91.6157077482899,-6.899325606809191e-15,3.0,2.9106925203414846e-13,12880.360824511175
jensen,50,8.417721518987342,0.008520088345720258,-2.2872118791745226,-2.6821457995814675,0.34356855446963563,2.042620933772687,2.1376395416645035,1.5697380457216266,0.008161723389554931,0.00015857554054514106,-281.3656057261645,-81.77525362120983,-92.87805290548215,-5.89469540345465e-15,3.0,2.910735888428384e-13,12881.060703993626
jensen,50,9.11392405063291,0.00903781610009254,-2.287148177054503,-2.682059075271535,0.34218155512853793,2.2130840340413007,2.3160261029318554,1.7007500643524749,0.008842906171428851,0.00017179730281368722,-281.5184909565231,-81.13705870133978,-94.6686628099553,-6.775287796079166e-15,3.0,2.9107705828979036e-13,12881.950289186716
jensen,50,9.810126582278485,0.009533935370965313,-2.287071137272229,-2.6819544234113026,0.3409805044739622,2.397772812737523,2.509297741936044,1.8426993159477278,0.009580951481832693,0.00018611951117835932,-281.20189355641804,-80.59259828960576,-96.99214616958797,-7.421490925605366e-15,3.0,2.910805277367423e-13,12882.975760802448
jensen,50,10.506329113924053,0.00933011122726264,-2.287119455386412,-2.6820191012713623,0.33972782283434644,2.597874447176926,2.7187116009246113,1.9964672264248045,0.010380426572324046,0.0002016585456297592,-282.961935741379,-80.7268609370941,-104.00229342536505,-1.0939323787637935e-14,3.0,2.910571089698166e-13,12882.542567938326
jensen,50,11.202531645569621,0.008618108447194647,-2.2872675166037393,-2.6822182675179858,0.3379248778978571,2.814675188353797,2.945613911344554,2.163041783770166,0.011246521472035361,0.00021851371270192023,-283.66617601975923,-81.5630396338006,-99.68538755271649,-9.988027860840208e-15,3.0,2.9106231314024456e-13,12881.001736743208
jensen,50,11.89873417721519,0.008562618760012226,-2.287355283298776,-2.682335954770239,0.3360629653506544,3.049568628898306,3.1914455911805484,2.3435306999463736,0.01218498116154404,0.00023676464988582035,-283.10941297601516,-81.73910777552764,-95.27085536486999,-1.0982012554113657e-14,3.0,2.910657825871965e-13,12880.1701493601
jensen,50,12.594936708860764,0.009018688264964606,-2.2873947472223284,-2.6823884394448387,0.3343020187541243,3.304064661114605,3.4577868826405433,2.539094124221748,0.013201821055993697,0.00025652896172673336,-282.71097189489586,-81.25923524467268,-94.05333392035038,-8.794766808263924e-15,3.0,2.910657825871965e-13,12879.89104979504
jensen,50,13.291139240506332,0.009785780641538743,-2.287395852836394,-2.68238919137864,0.33271878975059727,3.579799182537816,3.746349851113982,2.750989113446933,0.014303570679261851,0.00027793388427030635,-281.66159682948404,-80.44575926038851,-94.31644385111377,-6.526517607602367e-15,3.0,2.9107098675762444e-13,12880.040603550515
jensen,50,13.9873417721519,0.010715927161677284,-2.2873668432916614,-2.6823493660050763,0.3313573156858698,3.8785446114645894,4.0589893992246395,2.9805777064796124,0.015497308819206058,0.000301117174752752,-282.2578136545202,-79.5569235044971,-95.59657251795687,-8.713660015432535e-15,3.0,2.9107098675762444e-13,12880.518375689804
jensen,50,14.683544303797468,0.011724011444971988,-2.2873145386755773,-2.6822781885055424,0.330245439995991,4.202221280037211,4.397715193445478,3.229335676697562,0.016790707177070038,0.00032622802176651965,-282.9140890230327,-78.70863618656867,-97.82930015116612,-6.871031318239108e-15,3.0,2.9107619092805237e-13,12881.242248104025
jensen,50,15.379746835443044,0.012767939879341552,-2.287244572849145,-2.6821832777484467,0.32940275202952024,4.5529097781164,4.7647045853875065,3.498862014151788,0.01819207893018051,0.0003534280208572478,-282.3017687321305,-77.9319341845721,-101.2353395902136,-7.89189744912662e-15,3.0,2.910813950984803e-13,12882.144769407494
jensen,50,16.07594936708861,0.013832499350153429,-2.287161582160861,-2.6820709035624333,0.3288452646779564,4.932864327288598,5.162316608976556,3.7908892035491992,0.019710431801253522,0.0003828922249331275,-282.34647288738836,-77.2222718475351,-106.26858027601868,-4.438239191309826e-15,3.0,2.9108659926890823e-13,12883.170436571512
jensen,50,16.77215189873418,0.013806694134772599,-2.2872965222398105,-2.682252833254401,0.32805085053008737,5.344527270969316,5.593158320861777,4.1071869464997715,0.02135494173953257,0.0004148939293808289,-283.0703387631433,-77.2600527498924,-102.9570037592213,-1.162784468320896e-14,3.0,2.9105537424634065e-13,12881.675227829299
jensen,50,17.468354430379748,0.013905874239389285,-2.2874184918499134,-2.6824171314534895,0.3270196339247433,5.7905447737934805,6.059954393389436,4.449882045536194,0.023136784450788993,0.00044956418473948647,-283.5146078748283,-77.26776819908368,-95.92314229842378,-2.2986116048756555e-14,3.0,5.821385040682969e-13,12880.355481844841
jensen,50,18.164556962025323,0.014667208089092056,-2.2874842876240935,-2.6825056209493887,0.32615773182894137,6.273783831062794,6.565693679097276,4.821202087271766,0.025067479896349082,0.0004871074983530349,-283.20959235442035,-76.81621436914463,-94.08531523340123,-3.003306086354733e-14,3.0,5.821489124091528e-13,12879.674294382294
jensen,50,18.86075949367089,0.016025322241899554,-2.287505318926613,-2.682533783662028,0.3256147913193284,6.7973506959837575,7.113627172518203,5.223533818081822,0.027159414949149422,0.0005277659977192423,-282.4689067979728,-76.01138272855489,-94.0363248931433,-2.2091439192285095e-14,3.0,5.821627901969606e-13,12879.483395553727
jensen,50,19.55696202531646,0.01788117145956654,-2.287491074239715,-2.6825144839995136,0.3254925156435202,7.364610855787226,7.707277105684137,5.659463320865628,0.02942602602381078,0.0005718018491656971,-282.48049050989596,-75.01630698156302,-95.01410343297269,-1.4861491215174133e-14,3.0,5.821801374317204e-13,12879.661931808114
jensen,50,20.253164556962027,0.02017082676018758,-2.287449419465232,-2.6824583888391533,0.325879897063835,7.979210646670004,8.350459580782559,6.131792625505165,0.031881877376807866,0.0006194990701905742,-282.56140340541583,-73.93908624062435,-96.71857491280521,-2.2858390256574185e-14,3.0,5.822217707951438e-13,12880.109217130415
jensen,50,20.949367088607595,0.022887199916813535,-2.2873869027391542,-2.6823743880058837,0.32687068976108064,8.645100710772745,9.047309146959467,6.6435576966597365,0.03454275201364475,0.000671165495344845,-282.65977267752237,-72.82600866405221,-98.90214983654266,-1.8459090863915534e-14,3.0,5.822634041585673e-13,12880.73924850483
jensen,50,21.64556962025317,0.02608622449003042,-2.28730895627025,-2.6822698742933246,0.3285777032407909,9.366561381682112,9.802305381584587,7.19804793867047,0.03742575190767976,0.0007271348985251606,-281.93541334827523,-71.6840418151636,-101.03309585269841,-1.8467642508551013e-14,3.0,5.823674875671259e-13,12881.476728638885
jensen,50,22.341772151898738,0.029896842278202638,-2.2872201096638864,-2.682151040384313,0.3311491915539783,10.148230200198611,10.620301725219395,7.798827300560588,0.04054940710587094,0.0007877693870643117,-281.6151693948991,-70.49877033235332,-101.92088743351158,-1.8388956535882878e-14,3.0,5.826693294519458e-13,12882.252657295508
jensen,50,23.037974683544306,0.03454534153109643,-2.2871241651711225,-2.682023128297557,0.33479182056381573,10.995131724395344,11.506556732936081,8.449757137831382,0.043933794073058696,0.0008534621221632474,-282.27358620068406,-69.24367860330815,-100.41646738363332,-1.08373461029862e-14,3.0,5.845428308060008e-13,12882.9995013379
jensen,50,23.734177215189874,0.04040747141540809,-2.287024391434947,-2.681890712205636,0.3398074968343277,11.912709827418555,12.466767981352493,9.155020925526486,0.04760066363897882,0.000924640554858342,-282.2270288778119,-67.88342876042117,-96.8539895405292,-1.5337056169344165e-14,2.0,6.118959505752031e-13,12883.644313401663
jensen,50,24.43037974683545,0.0476740859486854,-2.2870369193010793,-2.6819108401979745,0.3464732613207412,12.906862690610026,13.507170518514402,9.919021703997968,0.051572831730488065,0.0010018716736225986,-282.86558348030275,-66.44798212025664,-93.55112932273299,-2.40652156947678e-14,2.0,3.7368025340711597e-13,12882.795840750685
jensen,50,25.126582278481017,0.05683887838264059,-2.2871846738543593,-2.682114603973462,0.3549510061571132,13.983980717089752,14.634480429159305,10.746612217381058,0.05587576835593759,0.0010857046780951261,-282.3094319368046,-64.93331413522166,-88.33055799014406,-1.519710599766702e-14,2.0,3.7402719810231133e-13,12880.160784971371
jensen,50,25.822784810126585,0.07135793585347353,-2.287280420359065,-2.682250022871843,0.36702162672882926,15.150987608944792,15.855845875931793,11.643322170129931,0.060538169435928886,0.0011765369945787433,-282.99523284828905,-62.99139050840702,-82.14070824282243,-5.8926388074587166e-15,2.0,3.740965870413504e-13,12877.714292795858
jensen,50,26.518987341772153,0.09535369186959937,-2.2873393681264735,-2.68233918887863,0.38528225141623473,16.415384872903108,17.17912529924398,12.614908008429364,0.06558991704245024,0.001275005166786169,-283.11456055327375,-60.531771093375745,-76.4593990272759,-1.2457957300308908e-14,3.0,3.7463088187195126e-13,12874.940980668158
jensen,50,27.215189873417728,0.1381102818325922,-2.287380555093281,-2.682411269502653,0.41506020591776144,17.78530003986516,18.612842565963163,13.667596234406275,0.07106332975276079,0.001381867049693678,-282.43496121637213,-57.41336751027526,-70.61425269552339,-8.895079226141356e-15,2.0,3.9026420983745425e-13,12870.86601920192
jensen,50,27.911392405063296,0.2280615802500933,-2.2874442584129047,-2.6825309396368517,0.47056543104412846,19.269538908516846,20.166270142549347,14.80808960194086,0.07699306511251833,0.0014982050814205726,-282.65020142805986,-53.25476351468015,-63.70706324967588,-1.305083970580545e-14,3.0,3.935671233357141e-13,12862.784926776112
jensen,50,28.607594936708864,0.5088164789275355,-2.287743392289337,-2.6830377294981056,0.611483826449813,20.877642145907853,21.84971551336982,16.04330722816765,0.08341405062055991,0.0016270156846236452,-282.3044441735433,-46.81167040698861,-53.95827209767944,-2.1071279486875594e-14,3.0,4.332367797843517e-13,12836.9814870085
jensen,50,29.303797468354432,5.676931493592626,-2.313497266817877,-2.720284861512061,2.0557477407954066,22.61994662381657,23.70193785499217,17.328844795811385,0.08955809254551572,0.001953998903163946,-251.9029507894026,-29.06040097932417,-31.193365006081,-3.337898100280734e-12,3.0,4.508962647697956e-13,12072.563993705751
jensen,50,30.0,19.15112407760703,-2.580908570417057,-3.1006763991179542,6.35784184998633,24.507651735525144,25.98796100813544,18.186050143548886,0.0899398964026639,0.003571976681188161,-241.86338933409175,-17.87850415437913,-20.463137524381306,-1.410969496622172e-11,4.0,6.45858366787877e-13,8258.871645085097
