profile,frequency_hz,input_primary_dbu,input_source_dbfs,compression_from_clean_midband_db,thd_percent,gain_primary_db,gain_source_db,phase_primary_deg,primary_rms_v,source_rms_v,output_h1_rms_v,flux_peak_vs,primary_current_rms_a,h2_dbc,h3_dbc,h5_dbc,output_dc_v,max_solver_iterations,periodic_shooting_error,input_impedance_ohm
00s,20,-20,-41.99634601693642,0.011970657243827176,0.017385714078412516,-2.292838840547069,-2.6904114294735275,1.0831501040476204,0.07749999999982082,0.08112978620352884,0.05951956658104801,0.000773692513261741,6.1145972079137745e-06,-256.3355319844227,-76.0225964952396,-83.37019544690563,-1.1859327035111417e-14,2.0,4.660546037635327e-13,12674.59368536368
00s,20,0,-21.99657768465237,0.01158534304387615,0.02071970290660002,-2.292685190342085,-2.6900261152735765,0.9454010060857215,0.7749999999980628,0.8112762236051433,0.5952061944418576,0.007737026307269789,6.0958281219217294e-05,-277.8722486327572,-74.14901987806951,-84.05490164508291,-7.65323998700709e-15,3.0,2.912383875730562e-13,12713.621298746859
00s,20,4,-17.996512950361282,0.011906693417181646,0.022031348197514608,-2.2929418047846206,-2.690347465646882,0.924230470818366,1.2282922241543481,1.2857957467539205,0.943310376090907,0.012261969315958552,9.659393743869214e-05,-278.65806704624936,-73.51292729359773,-87.15923426350992,-9.714789431616074e-15,3.0,2.9119762157137075e-13,12716.047790254332
00s,20,10,-11.996452755086402,0.012210971189053677,0.03794678392867108,-2.2931858593381653,-2.690651743418754,0.9024775893612276,2.45076518662353,2.5655175778289347,1.8820987550654007,0.02446526958904272,0.00019269124948280788,-279.39368391574146,-68.54856768981621,-86.43859159176662,-2.0455722009381054e-14,2.0,5.824993265513001e-13,12718.639405183067
00s,20,14,-7.996603141890565,0.011589523235285615,0.07562192571800598,-2.2927146729115115,-2.690030295464986,0.9153453632727238,3.884201060591208,4.066000945213144,2.983087281586879,0.03877701822372517,0.00030534498740685537,-281.42982072968044,-62.43817673783913,-92.26148549930485,-1.0323905223546745e-14,3.0,5.849903894628028e-13,12720.806942816618
00s,20,18,-3.9963314934087553,0.012180508556411063,0.23150060782204196,-2.293032608130364,-2.6906212807861114,1.0448403333504768,6.156043818861092,6.444378761387356,4.727700907927208,0.06145395373286701,0.0004854064576730619,-281.041128545712,-52.811283891249694,-69.47303189387073,-2.1357170047232865e-14,2.0,3.8545555636204654e-13,12683.266572117278
00s,20,20,-1.9948959744627204,0.015768822755456657,1.0067528355585216,-2.295157319129298,-2.694209594985157,1.4919219034866438,7.749999999892619,8.114333132797887,5.950347837570287,0.07734162283207803,0.0006202977835171098,-282.41331722100944,-40.70282815460086,-48.69436477283155,-2.5325783679398806e-14,3.0,4.772016115595079e-13,12512.492781553661
00s,20,24,2.741695139868176,2.7332783786611343,47.14035580964859,-4.234331824478039,-5.411719150890835,21.23093591349618,12.282919954362354,13.998528613535107,7.507517460641508,0.08694001329210259,0.004107172304855971,-251.27898325270482,-8.1178691842553,-15.58765411070507,-5.2400068875982364e-12,3.0,6.032396804300788e-13,3409.1081360594903
00s,30,-20,-41.99806669839109,0.006494245128578324,0.013246769946214652,-2.289083113533728,-2.6849350173582787,0.726947325240339,0.077499999999271,0.08111371592195904,0.05954530807743003,0.000516005668559723,6.053432035855369e-06,-261.8687885188957,-77.72803317629285,-94.0510371626384,-1.7081221786281812e-14,2.0,4.657839869012803e-13,12802.658125533197
00s,30,0,-21.998136017572403,0.006464265385585755,0.01530248883529596,-2.289122451260655,-2.684905037615286,0.6327674365674762,0.774999999993425,0.8111306858309352,0.5954503839018237,0.005160013341462982,6.045184554589161e-05,-279.36903666664136,-76.40376266329602,-96.2934323868559,-1.0309368020589493e-14,2.0,2.910978749715021e-13,12820.126033752558
00s,30,4,-17.998046498335672,0.006849037606424968,0.014423690592821859,-2.2894177050735314,-2.6852898098361253,0.6154696964803208,1.228292224155924,1.285568751536859,0.943693181088955,0.008177861068659448,9.581244387588888e-05,-279.9211118844222,-77.18373505434026,-88.52799426275736,-7.999752695399352e-15,3.0,2.911334368027596e-13,12819.760848780747
00s,30,10,-11.997994475495073,0.0070962413782300615,0.01952764598495262,-2.289612880929683,-2.6855370136079304,0.5946276657860505,2.450765186627796,2.565062246254857,1.8828731305362496,0.016316682373093416,0.00019115159579966224,-281.5228435337104,-74.28859246775275,-92.60528000690208,-6.689532486433246e-15,3.0,2.911403756966635e-13,12821.06284547206
00s,30,14,-7.997906166135999,0.007450925469649317,0.026727948968714214,-2.2898792459144723,-2.6858916976993497,0.5879955536998234,3.8842010606105952,4.065391024910917,2.984061291679122,0.02585938281949498,0.00030300145990691036,-279.90077345787563,-71.57940962848926,-89.48583027638617,-1.761568660580727e-14,3.0,5.823050375219907e-13,12819.097717219454
00s,30,18,-3.9980605954053545,0.006827257577392221,0.055856535608645924,-2.289409936799905,-2.6852680298070926,0.6012339271894335,6.1560438191000655,6.443096005146782,4.7296739317815595,0.04098648599212072,0.0004801071929637387,-281.5417733255198,-65.06972761046988,-95.3232407850136,-1.7014926793901264e-14,3.0,5.854691731421724e-13,12822.2893333719
00s,30,20,-1.9981248442600132,0.006509844197568171,0.0914593212972779,-2.2891566185080987,-2.6849506164272685,0.6320694204511315,7.749999999892873,8.111317292499457,5.954480252801727,0.05159982350259082,0.0006045387165722818,-281.2719405263119,-60.79583942952961,-85.24338196614335,-1.2355161381830126e-14,3.0,3.7891911830456593e-13,12819.856515977825
00s,30,24,2.004210261116386,0.013041113375564795,1.6521339389283456,-2.293273132728921,-2.691481885605265,1.383443737964343,12.28292223743862,12.859028101630754,9.432657188294215,0.08172107210099701,0.0009810916421537587,-281.75407286439474,-37.258421231419064,-42.371897793522976,-2.4937029437926972e-14,3.0,6.252845463627921e-13,12569.97276786736
00s,50,-20,-41.99890052554383,0.003911475103581363,0.00807367578083737,-2.287334173973157,-2.6823522473332817,0.42138583498347365,0.07749999999999178,0.08110592954942644,0.059557298999700976,0.00030966588348498454,6.02147052066314e-06,-257.3439809799316,-82.1968454076715,-94.09638534746287,-1.0200036925285289e-14,2.0,3.7258751314252214e-13,12870.611516293324
00s,50,0,-21.998881058999725,0.004075260168532768,0.00824879934808232,-2.287478492409268,-2.682516032398233,0.3639288230192188,0.774999999999829,0.8110611132170195,0.5955630944650029,0.0030965974967942936,6.019068146080076e-05,-274.5773153260547,-82.00427180571091,-94.06965068699577,-1.3114830292113434e-14,2.0,4.657186095102794e-13,12875.748587150056
00s,50,4,-17.999060689693763,0.0033964877711123442,0.009694621266629597,-2.2869793499383277,-2.6818372600008127,0.3550292514425787,1.2282922241561003,1.2854186533135652,0.9439581378612079,0.004908023575029527,9.534544874247713e-05,-279.2568685340849,-80.36687544451645,-100.75619224809844,-1.0492739218725261e-14,2.0,4.65750268213716e-13,12882.548874412947
00s,50,10,-11.999043156103273,0.003483367555122019,0.009834163477613523,-2.287048696055272,-2.6819241397848224,0.34105046703562464,2.450765186628912,2.5647525751938294,1.8834290624477046,0.009792725156905943,0.00019022911676768193,-280.7836225042666,-80.30002790480728,-97.83558033855567,-2.5380927218330955e-15,3.0,2.910813950984803e-13,12883.230476352723
00s,50,14,-7.998935817282728,0.003908748447698507,0.011059640086616609,-2.2873667373811277,-2.682349520677399,0.33199604226234397,3.8842010606106987,4.0649091299515785,2.9849246017156488,0.015519919432719671,0.0003015578241163953,-281.35536980892846,-79.26987972489384,-95.72861443858132,-1.0281162246962398e-14,3.0,2.910744562045764e-13,12880.454384751003
00s,50,18,-3.998900023714298,0.004052277086964651,0.015251689318017705,-2.287474469218693,-2.682493049316665,0.3276623229094953,6.156043819111683,6.442473356682349,4.730728003516919,0.024597070527260137,0.00047796734680102625,-280.20089945226823,-76.46555064824206,-94.2965767807364,-1.732197284914916e-14,3.0,5.821523818561047e-13,12879.637243230489
00s,50,20,-1.9989018410684802,0.004045277670901459,0.020668942532779653,-2.287469281454173,-2.682486049900602,0.3276816389427853,7.749999999998665,8.110591726549861,5.9556372530870805,0.0309659875503044,0.0006017226829084519,-281.32229041513244,-73.73166261119917,-95.93345947891339,-8.72882698738607e-15,3.0,5.822183013481919e-13,12879.695841626091
00s,50,24,2.0009405800319255,0.003411004429554776,0.04889314736534712,-2.286992529557816,-2.681851776659255,0.3483358215496059,12.282922241565467,12.85418841219384,9.439566982227898,0.049080117560605575,0.0009534159326845897,-281.2532380734428,-66.23293734515022,-91.85248242885473,1.835923584382962e-15,2.0,6.377363914733536e-13,12883.115758568632
00s,100,-20,-41.999593257623914,0.0015232601580779104,0.003728929133652279,-2.2856386983927566,-2.6799640323877782,0.16010714671350185,0.07750000005158136,0.08109946130711448,0.05956892570004931,0.0001548611050088617,6.002247101842059e-06,-257.76523578991254,-88.82679885671527,-102.64761061298361,-9.879915990054238e-15,2.0,3.7254533767801246e-13,12911.83125550972
00s,100,0,-21.99953675299128,0.001764019566960151,0.0037309586849609993,-2.2858229473872558,-2.6802047917966605,0.13124745570793733,0.7749999999999783,0.8109998888809509,0.5956766207097763,0.0015485754787608458,6.002415229966853e-05,-274.60062560378196,-89.01263336443682,-99.83990705773198,-1.2102555934047278e-14,2.0,4.65676542465987e-13,12911.469585794095
00s,100,4,-17.9995175936846,0.001842113261904199,0.0034658253905889423,-2.285881881831277,-2.6802828854916045,0.12539589621958605,1.2282922241572987,1.285351038194087,0.9440774154160118,0.002454307852119,9.51344849565682e-05,-277.8202036947132,-89.80185509713529,-100.27746779448115,-1.4985007041850413e-14,2.0,4.656722056572971e-13,12911.114699736467
00s,100,10,-11.999606167166728,0.0015067913448119086,0.0048469905882161475,-2.285635133058403,-2.6799475635745122,0.1176607567886824,2.450765186629993,2.5645863357713625,1.8837356017247275,0.00489711704435081,0.00018976931067659015,-282.7537098874171,-86.38784235971971,-106.81969384487233,-8.898607541883144e-15,2.0,4.656839150407599e-13,12914.44474215101
00s,100,14,-7.999560678219934,0.0016854329954827385,0.0041555025659834,-2.2857682859462294,-2.680126205225183,0.1125374156238319,3.8842010606112276,4.064616711825973,2.9854739645855193,0.00776129737679756,0.00030079408037328963,-281.1909434401485,-88.09699667621543,-98.08200791007535,-2.046930926488796e-15,3.0,2.9104756799069875e-13,12913.156936000747
00s,100,18,-3.9995399793933966,0.001767978775049972,0.004413689492209439,-2.285830132834243,-2.6802087510047503,0.10830074572308086,6.156043819112836,6.441998708062008,4.7316236715986,0.012300734894405894,0.0004767450742672851,-280.3555500421706,-87.47864522815303,-101.04913273033895,-2.19731612055964e-15,3.0,2.9104670062896076e-13,12912.653614066756
00s,100,20,-1.9995392099292755,0.001772381353900787,0.0055160953331067014,-2.285833765628167,-2.680213153583601,0.10614777928082421,7.749999999999764,8.10999659477143,5.956758787641879,0.015485728450394858,0.0006001832982205097,-280.60704038480947,-85.31423945699021,-101.70031753402475,-8.279176159204336e-15,3.0,2.9104670062896076e-13,12912.722481439661
00s,100,24,2.000479106114309,0.0018443147767879253,0.007611918347960524,-2.285887382200641,-2.6802850870064883,0.10397429102529127,12.282922241573003,12.853505498254492,9.440768174295803,0.02454305444576087,0.0009512646661465664,-281.2062034739393,-82.50227650296534,-100.342434027447,-2.8436512178190224e-14,3.0,5.820934012579215e-13,12912.203920663755
00s,1000,-20,-42.000041951880775,0.0,2.0093550219088294e-07,-2.2845641271182786,-2.6784407722297003,-0.7727560777305873,0.07749999999999999,0.081095271992701,0.05957629566428686,1.5488008604432486e-05,5.992156774306566e-06,-281.27157526249795,-174.03910005827757,-190.9447957356553,-1.0638816535575268e-16,2.0,3.454658773134091e-14,12933.573489316539
00s,1000,0,-22.000004631186165,0.0001437848186296442,0.0003728925911844461,-2.2846705915885406,-2.67858455704833,-0.7746872942643175,0.7750000000312579,0.8109562043580911,0.5957556543404874,0.00015487838986305019,5.992732229799351e-05,-275.8004128993156,-108.82628046970319,-122.65437079756602,-1.0036399159600823e-14,2.0,3.7252930503838683e-13,12932.33153896401
00s,1000,4,-17.999999999980922,0.00016167219423390833,0.00034218469010373787,-2.284683843571122,-2.6786024444239342,-0.7752748532703442,1.2282922236146137,1.285279652965729,0.9442076399091393,0.00024546530785985924,9.497952413574538e-05,-278.47543214947217,-109.97723929810995,-118.88044685714772,-1.2243144503868857e-14,2.0,3.7252923727575105e-13,12932.17917247462
00s,1000,10,-12.000006338531279,0.00013731499118962986,0.00042974810719543816,-2.2846658336095964,-2.67857808722089,-0.7760992206292089,2.450765188000378,2.5644681843308463,1.8839458296090963,0.0004897685741693487,0.00018950587651360537,-281.8715211687278,-107.4791699368657,-124.73460673204966,-9.309801803710112e-15,2.0,3.725293999060769e-13,12932.396787880756
00s,1000,14,-8.000000779516425,0.00015876547563431487,0.00034848157741878015,-2.284681722015722,-2.6785995377053347,-0.7766877981431053,3.884201061411686,4.064410768872414,2.9858474574819236,0.0007762295274774256,0.00030035083930646315,-281.29020865758054,-109.97112511650647,-117.39889332689344,-1.1459789323067207e-14,2.0,4.656615804760067e-13,12932.213111571178
00s,1000,18,-3.9999980367770815,0.00016938242888642208,0.0003053122486850355,-2.284689591316038,-2.6786101546585868,-0.7772496797579207,6.156043816898567,6.441658993030882,4.732245019060498,0.0012302397063950572,0.0004760272904200735,-280.62403800442183,-111.17142023915935,-120.14605642602257,-1.2945092512780198e-14,2.0,4.656613636355722e-13,12932.123728378889
00s,1000,20,-1.9999976980588365,0.0001706912016947726,0.0003731123073019281,-2.284690566377658,-2.678611463431395,-0.777573218067209,7.750000001680753,8.109568516682806,5.9575428439833376,0.0015487801170275175,0.000599283296981054,-280.1335765382337,-109.01145706719146,-119.84493178807035,-1.8496019806349927e-14,2.0,4.656613636355722e-13,12932.114147702092
00s,1000,24,2.000004456162418,0.0001790427084187307,0.00034657676935334223,-2.2846967589288356,-2.678619814938119,-0.7781583707326538,12.282922237541746,12.85280312356082,9.442062360415903,0.002454649095309769,0.0009498051303883831,-280.3624056802514,-109.80156675224418,-120.27545129437273,-1.4522687777151306e-14,2.0,4.656613636355722e-13,12932.044528786306
00s,10000,-20,-42.00004280218344,0.010471004582070176,1.98220844787552e-09,-2.295035982003061,-2.6889117768117705,-8.00039726150799,0.07749999999999989,0.08109526405390313,0.059504512758546645,1.5488013673551506e-06,5.992107124361454e-06,-281.7705320811059,-214.1474880687085,-231.3841369734282,-1.210142008933479e-16,2.0,3.278414954908818e-14,12933.680655493752
00s,10000,0,-22.000042802183202,0.010471004582612853,1.98306646175383e-08,-2.295035982003375,-2.688911776812313,-8.000397223605075,0.7749999999999999,0.8109526405390529,0.5950451275854445,1.5488013669074246e-05,5.992107124375705e-05,-281.09130477429596,-194.1440864309169,-211.36487487438342,-5.147450984199905e-17,2.0,3.424520324431246e-16,12933.680655462978
00s,10000,4,-18.00004179524389,0.010474882462245372,1.596776036400215e-05,-2.2950388521681626,-2.6889156546919457,-8.000409767230598,1.2282922240477054,1.285273468398105,0.9430826602009044,2.454683986298942e-05,9.496874635805005e-05,-278.87331153823396,-136.67037962178233,-144.7450376373778,-6.0082754277805185e-15,2.0,2.980232265126486e-13,12933.646816999426
00s,10000,10,-12.00004118909983,0.010477211970156386,2.433389959455414e-05,-2.295040576421001,-2.6889179841998567,-8.000457831748848,2.450765186662522,2.5644578948845513,1.8816969184527004,4.897737721090737e-05,0.0001894878581323962,-281.41323041224194,-132.55711557462146,-145.81396652046675,-3.330910478265437e-15,2.0,2.980232265126486e-13,12933.62651739151
00s,10000,14,-8.000039993466444,0.01048181409363158,2.970127337443173e-05,-2.2950439827053697,-2.688922586323332,-8.000506957235432,3.8842010605701214,4.064392419428937,2.98228746671713,7.762388397123714e-05,0.00030031894834129123,-281.13678540514195,-130.8312098676134,-144.8924396545145,-8.34736612310657e-15,2.0,3.7252902721158013e-13,12933.586382173933
00s,10000,18,-4.000039264283589,0.010484622032955748,2.9239380467987582e-05,-2.295046061064291,-2.688925394262656,-8.000558826674075,6.15604381876609,6.441628417819954,4.726605972763748,0.00012302553635089685,0.000475974357448997,-280.4811745396971,-131.26516692943363,-140.6565250174445,-5.81613733276155e-15,2.0,3.725290339878437e-13,12933.561908184005
00s,10000,20,-2.0000390605980125,0.01048540408941756,3.663086758902426e-05,-2.2950466399585516,-2.688926176319118,-8.000590320022576,7.750000000030033,8.109529898698836,5.950443974425703,0.0001548799665037928,0.0005992165292944045,-281.3263019113764,-128.9312471351227,-143.0739421219822,-1.6266479587861418e-14,2.0,3.725290339878437e-13,12933.555102648339
00s,10000,24,1.9999614053009385,0.010487198988455404,3.3491583839158986e-05,-2.295047968546933,-2.6889279712181557,-8.000649073845656,12.282922241039046,12.852739419910566,9.430816704209489,0.0002454681645063946,0.0009496953456483277,-281.5291528776933,-130.08222153482677,-139.29941315018877,-3.809011449079549e-15,2.0,3.7252902043531655e-13,12933.539473836667
00s,20000,-20,-42.00004280862498,0.04580097949841688,4.626776132496781e-10,-2.330365963360913,-2.7242417517281172,-16.098978861153157,0.07750000000000001,0.08109526399376199,0.05926296886946308,7.744006855667422e-07,5.992106748234006e-06,-282.31880276827843,-226.7497098041451,-245.91653249158668,-8.32692282410591e-18,2.0,4.098708999018255e-15,12933.681467347093
00s,20000,0,-22.000042808624933,0.04580097949861717,4.6263466511861075e-09,-2.3303659633610465,-2.7242417517283175,-16.09897885167835,0.774999999999999,0.8109526399376252,0.592629688694622,7.744006853995938e-06,5.992106748236204e-05,-281.4815172779853,-206.7510573262788,-225.8734285470045,3.412776212617565e-16,2.0,4.098794125829454e-14,12933.681467342385
00s,20000,4,-18.000042808624904,0.04580097949865136,7.332569439206329e-09,-2.330365963361087,-2.7242417517283517,-16.098978845520048,1.2282922241573633,1.2852733184455143,0.9392547592624524,1.2273423744826878e-05,9.496849193781687e-05,-281.01543225772105,-202.7507087704446,-221.87211763834281,4.01628083478915e-17,2.0,4.0200014270099643e-16,12933.681467339931
00s,20000,10,-12.000042309219154,0.0458029027833331,7.184315804859857e-06,-2.330367386848971,-2.7242436750130334,-16.098985018736254,2.4507651865201647,2.5644575641759215,1.874059318096745,2.4488696125599073e-05,0.00018948729897354767,-280.17082752080097,-143.32691444601193,-153.26082619693776,-7.200163334070185e-15,2.0,2.980232265126486e-13,12933.664682520766
00s,20000,14,-8.000041974786521,0.045804188327212,1.1571038064461559e-05,-2.330368338339231,-2.7242449605569123,-16.099002482454903,3.8842010606059976,4.064391492309007,2.970183530282572,3.881196459140179e-05,0.00030031739061444935,-281.0831362715872,-138.863549114815,-155.02744784139284,3.769743425161313e-16,2.0,2.980232265126486e-13,12933.653467952341
00s,20000,18,-4.000041567987505,0.0458057549065094,9.849221534065194e-06,-2.3303694978326965,-2.7242465271362097,-16.099020536669354,6.156043818901418,6.441626709347562,4.707423028947985,6.151281038752773e-05,0.0004759714909198784,-281.22060214482366,-140.8429542931104,-148.7441504641431,-8.381105562978077e-15,2.0,3.7252902721158013e-13,12933.639800579871
00s,20000,20,-2.0000414046075847,0.045806382697806125,1.3662569873950422e-05,-2.33036996249502,-2.7242471549275065,-16.099033582172137,7.7499999999572715,8.109527710228347,5.926294158344485,7.744003697546954e-05,0.0005992128588884825,-282.0410729776424,-137.4373481886574,-153.2962116389184,-6.1341338299515484e-15,2.0,3.7252902721158013e-13,12933.634325431536
00s,20000,24,1.999958957963289,0.045807778784144215,1.3289188836572118e-05,-2.330370995809929,-2.7242485510138446,-16.09905947057704,12.282922241222362,12.852735798521168,9.392542150483647,0.00012273417306436535,0.0009496892749842435,-282.0880971301913,-137.875585635009,-149.16332065004116,-1.4692960457790734e-14,2.0,3.725290339878437e-13,12933.622148602655
80s,20,-20,-41.99411441336537,0.018832926506962444,0.02562756626499833,-2.297369163373644,-2.6971733662878288,1.4620790942324908,0.07749999999932002,0.08115063297778312,0.05948853082362237,0.00077330814374937,6.203318552542127e-06,-252.72648673026322,-72.69973214563714,-79.77681323444511,-1.7678532850603514e-14,2.0,4.663608908772598e-13,12493.324901734697
80s,20,0,-21.994664164349103,0.017806438611875475,0.026179399812468297,-2.2968924256199625,-2.696146878392742,1.2413231294776907,0.7749999999928391,0.8114549692029471,0.5949179602246087,0.007733453391639138,6.162615087781414e-05,-275.4112464235107,-72.49328537042304,-79.62986086338498,-1.0484621254958776e-14,3.0,2.913815022598243e-13,12575.842772185733
80s,20,4,-17.994601788752203,0.018210313068464767,0.02889716532429852,-2.297233920128639,-2.696550752849331,1.2049513478288396,1.228292224149299,1.2860786923056304,0.9428443551553622,0.012256174158881453,9.760914616209322e-05,-277.2606619877461,-71.34467847851361,-82.15027586246595,-1.418773410387375e-14,2.0,2.9141272728239187e-13,12583.797607151044
80s,20,10,-11.994302696684382,0.019140937595758967,0.17175007297291148,-2.297864614138117,-2.6974813773766253,1.2549366798306372,2.4507651865055493,2.5661527108564077,1.8810850360804114,0.024452547335644916,0.00019512084952042472,-277.061128429551,-55.46053622597558,-69.89760086240493,-3.2891654758995456e-14,2.0,5.89611692802805e-13,12560.78783739906
80s,20,14,-7.992147233288013,0.02390752200158719,1.0035419843089317,-2.3004471695485336,-2.7022479617824535,1.8917266078677923,3.884201060595667,4.068087360927173,2.980422769430097,0.03874081322190091,0.0003167036030278636,-281.4999887982929,-40.1388699373944,-54.13944495757565,-1.8087683857203468e-14,2.0,3.318838259769308e-13,12281.824731161028
80s,20,18,-3.9507610137267775,0.13100554756449379,5.9549243728756736,-2.365167632871935,-2.80934598734536,5.963403550057925,6.156043818023866,6.478278013030705,4.688050510980812,0.06084867118935671,0.000677602689516008,-280.4646226579046,-24.680471513713066,-38.54999572916612,-3.8419896604413584e-14,2.0,5.240669009864973e-13,9339.053690370125
80s,20,20,-1.8193455993877052,0.488728409745391,12.9979362014014,-2.587877646142087,-3.1670688495262573,11.760004324939478,7.749999998908029,8.280000297451856,5.7501200235426095,0.07425027369156369,0.0013381259831262745,-284.06304869175733,-17.938133350630217,-31.222337408615463,-1.2346092030657285e-13,3.0,4.971856260027607e-13,6098.43666633177
80s,20,24,2.863893239200343,2.662494798659698,32.93260510032353,-4.0619494416763855,-5.340835238440564,28.178168213574935,12.282921719438159,14.196859826229858,7.676274807955677,0.09591120078967551,0.004445395906354152,-265.6201992146761,-10.15173523768899,-20.259329667897667,-4.745068270597952e-12,3.0,9.052619764915448e-13,2909.767577985194
80s,30,-20,-41.996891260740284,0.010251874311264064,0.01958722025865923,-2.291564966375272,-2.6885923140921304,0.9743157549517029,0.07749999999795162,0.08112469356170403,0.059528296353990456,0.0005158649384527245,6.097779443717112e-06,-258.41588622221605,-74.33409898540486,-90.57815715131859,-2.5644358488333542e-14,2.0,4.658816735170213e-13,12709.551992546045
80s,30,0,-21.99708483440752,0.01000851611637632,0.01978215275839104,-2.2915151816507238,-2.6883489558972427,0.826555452903264,0.7749999999820121,0.8112288563757577,0.5952863755065895,0.0051586474904098106,6.0796928544842915e-05,-278.42162995216995,-74.20009593063197,-92.95647146802482,-1.657797976586245e-14,2.0,2.9113690624971156e-13,12747.36206351832
80s,30,4,-17.996969312382326,0.010545281646555438,0.018213344926760903,-2.2919364270701728,-2.6888857214274218,0.7967778395157338,1.2282922241527936,1.285728192023749,0.9434195695516514,0.00817561329605879,9.634107666425869e-05,-278.56313137879744,-75.48254638676015,-83.80404041389093,-1.1205857951084551e-14,2.0,2.912071625504886e-13,12749.419931978213
80s,30,10,-11.996902495139071,0.010891571161578018,0.03541899291436505,-2.2922158723367985,-2.6892320109424444,0.7669353724687422,2.4507651866240208,2.5653847432906325,1.88230894924821,0.016312073102272673,0.00019217405041788073,-280.2162485739667,-69.30450040564897,-81.36508632033875,-1.3325732390375572e-14,3.0,2.915168106909505e-13,12752.865710879223
80s,30,14,-7.996644324158895,0.01170918291896239,0.1401546896887794,-2.292774774778303,-2.6900496226998287,0.8260638498031642,3.884201060580542,4.065981667194199,2.983066500238273,0.025851119815038646,0.0003050540731786424,-279.13482647916817,-57.241245040032666,-71.2107325500561,-2.850794754882986e-14,3.0,5.877590081304618e-13,12733.2068390434
80s,30,18,-3.995418732441012,0.014291630105261355,0.8331966701375277,-2.294111884046105,-2.6926320698861277,1.3666717168206879,6.156043814958558,6.445056007670287,4.727103292632969,0.04096316556786078,0.0004907372230367428,-282.44821296364603,-41.75326085042525,-55.78911032856031,-1.3307809173211671e-14,2.0,3.27154969781418e-13,12557.296684219808
80s,30,20,-1.9906798952834468,0.026056961328523975,2.0592533487533626,-2.301034803260572,-2.7043974011093903,2.3737359627643952,7.7499999987716,8.118272737901385,5.946258257611611,0.051518971382750606,0.0006481088097915251,-280.87439470943025,-33.894370435707756,-47.92941214757141,-2.1320727301710196e-14,2.0,4.1303072073617386e-13,12026.025491813294
80s,30,24,2.134138501313337,0.36160954962328695,11.332241526995922,-2.508317162760323,-3.0399499894041533,10.03247472300286,12.282922237752125,13.05282626178179,9.198289157786594,0.0793137108907216,0.0018874030059302072,-284.0567608929034,-19.11865942702316,-32.55602194273779,-7.043009838531011e-14,3.0,4.439573708658884e-13,6844.969658729747
80s,50,-20,-41.99825546271689,0.006162997906860479,0.012050515832959158,-2.2888402991541748,-2.684503437687727,0.5469434479206082,0.07749999999997485,0.08111195315381874,0.059546972698695896,0.0003096161977734883,6.041562481978029e-06,-253.82990850695876,-78.72379763022437,-90.54522434290453,-1.528346487122742e-14,2.0,3.726365732908271e-13,12827.810280642492
80s,50,0,-21.99825831594438,0.006337760747978205,0.011617968150726368,-2.2890179155199766,-2.6846782005288445,0.4584282448442559,0.7749999999994965,0.8111192650936132,0.5954575504667746,0.003096083769931449,6.03588278792828e-05,-271.23958620527975,-79.10362620294936,-90.18693274065114,-2.0084305261790095e-14,2.0,4.657593755119649e-13,12839.880900551752
80s,50,4,-17.998533365087425,0.005307234837390151,0.012789351930918152,-2.2882624378954928,-2.6836476746182565,0.44355210761739977,1.2282922241539127,1.2854966940773538,0.9438187055343249,0.004907337105695888,9.558097967481817e-05,-276.2818790881234,-77.9900582705232,-96.72285830555411,-1.473904032067079e-14,2.0,4.658127182588512e-13,12850.805030641945
80s,50,10,-11.998516801106746,0.0054159763624479496,0.012383455596157772,-2.288354615748232,-2.6837564161433143,0.41915886707013156,2.450765186626166,2.564908000981309,1.883145910639751,0.009791334166822778,0.00019067403900095445,-280.44602546944884,-78.47834005262163,-91.29346396123512,-1.0867719857441793e-14,3.0,2.9112302846190374e-13,12853.169629794145
80s,50,14,-7.9983585120746525,0.006048064186372493,0.018725041010627372,-2.2888284087720456,-2.684388503967239,0.4064260933042508,3.8842010606097226,4.065179311970548,2.984422335170543,0.015517467298257833,0.00030228673876762387,-281.3164751318868,-74.89746086775862,-86.19821692910557,-1.1274059349931573e-14,3.0,2.911872132305149e-13,12849.39980818263
80s,50,18,-3.998270127221531,0.006341857524938543,0.07014000660642525,-2.289033683384161,-2.684682297305805,0.4325389015406421,6.156043819102891,6.4429405786584715,4.7298787864574585,0.024592865765580348,0.00047931813041082256,-280.344658667489,-63.240973448255815,-77.61872094000299,-2.744979672167011e-14,2.0,5.838836358851296e-13,12843.433482435321
80s,50,20,-1.9981844648886413,0.006537006819772095,0.16741132450834081,-2.2891424933847455,-2.6848774466006384,0.5021547941267975,7.749999999993771,8.111261615971618,5.954489541256701,0.030960274753694148,0.0006039977865324999,-279.8197558324869,-55.70475001463517,-69.43795623820195,-2.125117573234525e-14,2.0,5.90139048739502e-13,12831.726402197952
80s,50,24,2.0031526303063787,0.009504705133009939,1.0186829863407287,-2.2907435196085726,-2.6878451449138763,1.1917905939347022,12.282922231695878,12.857462427082252,9.435458452480262,0.049056661905754646,0.0009730225049478801,-281.2869346032063,-40.007128709513566,-54.051918429801006,-6.355457609838466e-15,2.0,3.425870698237077e-13,12643.023932065696
80s,100,-20,-41.99934725336226,0.0024780187385999852,0.005583163123922801,-2.286247113975485,-2.6808184585194663,0.16092126339912596,0.07749999999999971,0.08110175826188364,0.059564753212330804,0.0001548512439841283,6.008861903686643e-06,-254.2640580313668,-85.32269427657266,-99.10877095760205,-1.478784254744332e-14,2.0,3.725587411273698e-13,12897.617719030844
80s,100,0,-21.999270659895657,0.002821093612607406,0.005426902938958721,-2.2865135954327362,-2.6811615333934737,0.1170545833861532,0.7749999999999413,0.8110247343240269,0.5956292580530134,0.001548460479676595,6.0085800363010505e-05,-271.7013283888516,-85.80573818881234,-96.12194991574505,-1.851908599581132e-14,2.0,4.656891192111878e-13,12898.222722303883
80s,100,4,-17.99924358675987,0.0029345098613924314,0.004874914616067463,-2.2865999387119897,-2.6812749496422588,0.10789469358454605,1.2282922241572114,1.2853915867913086,0.9439993723348614,0.002454116852589805,9.52317931417109e-05,-274.7773958659564,-86.92114192953339,-96.72548960257727,-2.3108641482159258e-14,2.0,4.656813129555459e-13,12897.922312228757
80s,100,10,-11.999378747203323,0.0024264922040457826,0.006397061820392749,-2.28622708099174,-2.680766931984912,0.09525680046915347,2.4507651866292437,2.564653484421687,1.8836072284187357,0.0048968021902898165,0.00018993416967967277,-280.60983284491874,-84.00710991428988,-102.77708378895794,-1.4760014126994226e-14,2.0,4.656999612329127e-13,12903.235615768825
80s,100,14,-7.999312257657552,0.002690578119749709,0.005253268460094979,-2.2864246777559853,-2.681031017900616,0.0864536425233394,3.884201060611018,4.064732963453737,2.9852483610373874,0.00776074528422679,0.000301064684728238,-280.9945482091431,-86.43173843122128,-93.64660054979501,-1.0772296513735912e-14,3.0,2.910519047993887e-13,12901.550479357944
80s,100,18,-3.9992825934762974,0.002811297498051424,0.0058090078813864,-2.28651573277241,-2.6811517372789178,0.07918231177783175,6.156043819112332,6.442189604375616,4.731250206704569,0.012299815859017026,0.00047717616257583707,-280.9165232978336,-85.28193518470088,-95.99495851027847,-1.295149544658673e-14,3.0,2.910571089698166e-13,12900.988409343014
80s,100,20,-1.999281436732848,0.0028179639547554203,0.009314733435410205,-2.2865212409319557,-2.6811584037356218,0.07667878196067075,7.749999999999455,8.110237280625544,5.956287336528729,0.015484581522509103,0.0006007243099286589,-280.6665511321471,-80.96493959484224,-92.23690575785277,-3.3580112974128384e-15,3.0,2.910744562045764e-13,12901.094427092065
80s,100,24,2.0007546251573567,0.0029452899919428788,0.03481236232660477,-2.2866124720949728,-2.681285729772809,0.08956607922249707,12.28292224157096,12.85391322179805,9.439980063979931,0.02454111500919997,0.0009522306186794949,-280.6895431006691,-69.32493735664858,-83.72506631684948,-3.045657394904269e-14,2.0,5.825930016190028e-13,12899.128814048967
80s,1000,-20,-42.00004124906465,0.0,2.3191528024974266e-12,-2.2844630918533633,-2.6783404397808663,-1.6524557409836411,0.07749999999999986,0.08109527855450052,0.05957698866662463,1.548800622947452e-05,5.99220135675624e-06,-280.72055035965843,-278.8248226764423,-278.5846549754477,-2.3253886668547926e-16,2.0,7.192887236349976e-14,12933.477262511944
80s,1000,0,-21.999985328666483,0.00021554328456829808,0.0005583936599998612,-2.284622715264921,-2.6785559830654346,-1.6553584146597913,0.7750000000476712,0.8109580065356621,0.5957589381463959,0.00015487750584674385,5.993060571318496e-05,-273.3512640832535,-105.32073132059723,-119.11575955500906,-1.6178192417326816e-14,2.0,3.7252969806167435e-13,12931.623019713088
80s,1000,4,-17.999978399466062,0.00024233527080541606,0.0005109757668387047,-2.284642571705016,-2.6785827750516717,-1.6562434729085695,1.2282922233353524,1.2852828492689197,0.9442121262009171,0.00024546370470179417,9.49852694548368e-05,-276.5631223194867,-106.49941960471796,-115.3637091955195,-1.7907938224779744e-14,2.0,3.7252950832629417e-13,12931.396951202642
80s,1000,10,-11.999987930269826,0.00020574888854252293,0.0006366959766772181,-2.284615529288177,-2.678546188669409,-1.6574900373425068,2.450765188705181,2.564473619289476,1.883956741051538,0.0004897658275270153,0.00018951569693678006,-281.72399895710754,-104.06809743636168,-121.20286150178265,-9.183362866332857e-15,2.0,3.7252994200716316e-13,12931.726658388274
80s,1000,14,-7.999979608421994,0.0002378876719015821,0.0005139665305080371,-2.284639341591145,-2.678578327452768,-1.65838474991355,3.884201061826079,4.0644206755293775,2.98586202646118,0.0007762245038407603,0.0003003684822549414,-280.74479874080856,-106.64094025852523,-113.80989061974397,-1.973851644893038e-14,2.0,4.656619057366584e-13,12931.453507614733
80s,1000,18,-3.9999755102651817,0.0002537776070434816,0.00044309096700294765,-2.2846511259277995,-2.67859421738791,-1.6592464653773535,6.1560438157627395,6.441675699240859,4.732265974938844,0.0012302311586324143,0.0004760568158958051,-279.87365160376316,-108.00366212691343,-116.56683897446587,-2.47525446032238e-14,2.0,4.656617973164412e-13,12931.321666030977
80s,1000,20,-1.999975010732623,0.00025572211078106477,0.000542801508652045,-2.2846525784848226,-2.6785961618916474,-1.6597451213167296,7.750000002553088,8.109589698700347,5.957568900127388,0.0015487694051987647,0.0005993206317885077,-281.4349991589285,-105.80281596380735,-116.12611258655053,-2.063795288941158e-14,2.0,4.656617973164412e-13,12931.308543475481
80s,1000,24,2.000028203868026,0.0002682121860004827,0.00048756012988636875,-2.284661846777934,-2.678608651966867,-1.6606611550766366,12.282922235462125,12.85283826388781,9.442100310408838,0.0024546311503275044,0.0009498666873373581,-281.0694678908431,-106.91938503876777,-116.71920913621892,-2.345275242862958e-14,2.0,4.656617973164412e-13,12931.206456418444
80s,10000,-20,-42.00004279515504,0.008169058739224688,1.6448888702072988e-12,-2.292633696682932,-2.686509498520091,-17.115018852651527,0.07750000000000008,0.08109526411952325,0.059520972395140904,1.5488013632711165e-06,5.992107570205651e-06,-282.28810397114773,-279.4346618775218,-281.6696891612258,-5.379831164556672e-17,2.0,5.996380522926403e-14,12933.679693160148
80s,10000,0,-22.000042795155032,0.008169058739167845,1.0463526788971538e-12,-2.2926336966828953,-2.686509498520034,-17.11501885265334,0.7750000000000006,0.8109526411952337,0.5952097239514101,1.548801362649932e-05,5.992107570205878e-05,-281.1791427609098,-286.1178708529501,-297.28755828063123,-5.013131146402278e-16,2.0,7.111315930650314e-16,12933.679693159702
80s,10000,4,-18.000041284788374,0.0081748754641775,2.177647784669002e-05,-2.29263800187788,-2.686515315245044,-17.115037705520248,1.228292223992853,1.2852735439315248,0.9433433718789734,2.454683601310927e-05,9.496887761043283e-05,-277.6206068555639,-133.63321820672888,-144.17328011830972,-9.574622843020906e-15,2.0,2.980232265126486e-13,12933.628941394109
80s,10000,10,-12.000040375725906,0.008178369387799478,3.383564462536219e-05,-2.292640588072666,-2.686518809168666,-17.115109902282743,2.45076518667855,2.5644581350284352,1.8822169198508678,4.8977365872351915e-05,0.00018948826840703388,-281.61961185653445,-129.5462251584391,-145.25436340395225,-8.798009568023368e-15,2.0,2.980232265126486e-13,12933.598513969364
80s,10000,14,-8.000038582431666,0.00818527222868859,4.124671498469583e-05,-2.292645697310618,-2.686525712009555,-17.115183707976342,3.884201060549477,4.064393079695157,2.983111028166432,7.762385212817427e-05,0.0003003200640411488,-280.0713905932171,-127.81567889325545,-144.31237845245906,-1.0747716888156013e-14,2.0,3.7252902721158013e-13,12933.538333388999
80s,10000,18,-4.000037488819434,0.008189483778310969,3.9999923694030593e-05,-2.292648814651174,-2.6865299235591773,-17.115261697917788,6.156043818592125,6.4416297345396005,4.727910663738081,0.0001230254714270001,0.00047597657521032585,-281.2989386921738,-128.2595404482719,-140.0913521189245,-1.803275080595871e-14,2.0,3.725290339878437e-13,12933.501645309421
80s,10000,20,-2.0000371833833124,0.008190656660769235,5.1126792983585044e-05,-2.2926496828832597,-2.6865310964416356,-17.115309068295844,7.750000000045116,8.109531651349517,5.9520862848468346,0.0001548798810207361,0.0005992194783432087,-280.4946298862327,-125.92905722466608,-142.48704732682742,-1.2230181246946281e-14,2.0,3.725290339878437e-13,12933.491450429921
80s,10000,24,1.9999635152891857,0.008193348618664054,4.5726103909545155e-05,-2.2926516755505473,-2.6865337883995304,-17.115397570101027,12.282922240771102,12.852742542116069,9.433418868962189,0.0002454680090146181,0.0009497005915525163,-281.1897458553426,-127.10776645534904,-138.73411696704693,-2.75883907935987e-14,2.0,3.7252902043531655e-13,12933.468032005669
80s,20000,-20,-42.000042806867896,0.12896144116016028,1.282658198614921e-12,-2.413426090816728,-2.8073018809410266,-35.48893093340424,0.07749999999999996,0.08109526401016699,0.05869895882017405,7.744006851095259e-07,5.992106859695124e-06,-282.81898103044506,-280.59044907397583,-287.77383837956205,3.638115696298077e-17,2.0,7.497141132190542e-15,12933.681226763543
80s,20000,0,-22.000042806867853,0.12896144116027752,7.176245500414233e-13,-2.4134260908168126,-2.807301880941144,-35.48893093340488,0.7749999999999998,0.8109526401016736,0.586989588201732,7.744006848782432e-06,5.9921068596957214e-05,-283.40085980612525,-293.50964602927263,-304.88415164397134,3.3087790955404583e-16,2.0,7.49714164041031e-14,12933.681226762192
80s,20000,4,-18.00004280686785,0.12896144116033836,7.715949977542936e-13,-2.413426090816827,-2.8073018809412047,-35.488930933404994,1.2282922241573628,1.28527331870551,0.930315802386477,1.2273423736392241e-05,9.496849370431296e-05,-282.98996671955433,-290.88947308754746,-307.2399595692151,1.3336647045175654e-15,2.0,8.353964086249208e-16,12933.681226762244
80s,20000,10,-12.000042057769678,0.12896432606412533,6.149564824264789e-06,-2.4134282260358537,-2.8073047658449917,-35.48894021826299,2.4507651864649738,2.5644576384148947,1.8562236050880083,2.4488694234851782e-05,0.0001894874254273309,-281.3487080800052,-144.3542343491074,-159.69880824308854,-1.172179609541075e-14,2.0,2.980232265126486e-13,12933.656050994397
80s,20000,14,-8.00004155614867,0.12896625431826259,1.0147153748014201e-05,-2.4134296532376447,-2.807306694099129,-35.488966443143035,3.8842010606033357,4.064391688202374,2.941915672188138,3.881195999999775e-05,0.000300317721144394,-282.4408028659433,-139.90794794945197,-161.46251611185193,-7.303070849139768e-15,2.0,2.980232265126486e-13,12933.639233157448
80s,20000,18,-4.000040945979506,0.1289686041221043,8.243087467787364e-06,-2.413431392441951,-2.8073090439029706,-35.48899357088261,6.156043818795426,6.441627170640954,4.66262118780251,6.151279907164386e-05,0.0004759722661032133,-281.89512149471545,-141.88762838867615,-155.18725946544322,-1.7355854590555804e-14,2.0,3.7252902721158013e-13,12933.618736229726
80s,20000,20,-2.0000407009296444,0.12896954576514474,1.1956803781068664e-05,-2.413432089411618,-2.807309985546011,-35.48901317169437,7.749999999935889,8.109528367212977,5.869891828139385,7.744002114404899e-05,0.0005992139614932655,-282.5583174394224,-138.48634724327817,-159.72601932889705,-1.0946922520207753e-14,2.0,3.7252902721158013e-13,12933.610526411703
80s,20000,24,1.999959842886214,0.1289716398048495,1.1433492483136126e-05,-2.4134336393345572,-2.807312079585716,-35.48905209691168,12.282922241046519,12.8527371079646,9.30314993851105,0.00012273414079417978,0.0009496914691291779,-282.82151148920127,-138.93467571519355,-155.60798901982469,-1.1111064799891428e-14,2.0,3.725290339878437e-13,12933.59226688544
60s,20,-20,-41.99142413742013,0.026623214932527617,0.035121597835236204,-2.3024800494803017,-2.7049745453021927,1.8559725288276172,0.07749999999811553,0.08117577161275615,0.059453537208210255,0.0007728720406018065,6.31909098612522e-06,-250.13921379071292,-69.9121898184942,-77.26964558039941,-2.372951070326603e-14,2.0,4.667983664538577e-13,12264.443446076979
60s,20,0,-21.991676173538004,0.026332595898742372,0.17817709305437918,-2.3024405755354738,-2.7046839262684075,1.754292090016409,0.7749999999994897,0.8117341619145014,0.5945380130273764,0.007728628110209988,6.295947063067604e-05,-273.40457753176435,-55.011063414573,-77.41473292628682,-1.5680836349448585e-14,2.0,2.929063241952079e-13,12310.058128687202
60s,20,4,-17.990431593119517,0.029500929046775592,0.406879432755125,-2.3043604182477684,-2.7078522594164407,1.9929137784633597,1.228292223584751,1.2866963017437565,0.9420705764022976,0.012246111834617442,0.00010085331620264644,-275.9226187955942,-47.81414763103156,-82.26514523304927,-2.0274885557339944e-14,2.0,2.9465145601204057e-13,12181.783328227599
60s,20,10,-11.981673556603084,0.05026315139064952,1.559851313066927,-2.316298600893191,-2.7286144817603146,3.358156678691342,2.4507651863834896,2.569886568342266,1.8770819365648979,0.024397621099364837,0.0002174666360763519,-278.8424786627011,-36.138871007839754,-76.18358697813224,-2.257837471673907e-14,3.0,3.0920058180505805e-13,11302.088305415931
60s,20,14,-7.9503506867253915,0.12499884596293942,3.8472067865232145,-2.3593556081155858,-2.8033501763326045,6.175411906678613,3.8842010594658065,4.087710193398282,2.9601423015821138,0.038454556097653365,0.0004263389882483367,-280.27017840843024,-28.303302990137617,-56.755920562954394,-2.1544398209893956e-14,3.0,3.7501252103666616e-13,9215.10299067712
60s,20,18,-3.811893641177249,0.4704582581609005,9.025627895668492,-2.564545226837333,-3.1488095885305656,12.617991425808261,6.156043813988068,6.582683134464447,4.581022985455671,0.05935282965971491,0.0010790343523007998,-277.2572087314635,-20.925268834981253,-41.893970787523926,-5.538375747599078e-14,3.0,5.793768242945418e-13,5841.425366591522
60s,20,20,-1.6476438377398508,0.9037782397366696,13.15913695658178,-2.831379364948312,-3.5821295701063347,17.671056129135593,7.749999998462506,8.445306980502554,5.5912506537953774,0.0721871131518191,0.0017949981394891259,-280.78536208695095,-17.691339927931434,-35.294401473747776,-1.5084884296551193e-13,3.0,4.3962056217594636e-13,4435.2228718025435
60s,20,24,2.8833777656903967,2.512525819629067,23.646428573281742,-3.9022963426036035,-5.190877149998732,29.989869846878356,12.282922151761523,14.228742522924705,7.827492496393999,0.09957423014926621,0.004496657290231629,-266.14648211209715,-12.783063319011173,-25.13580253814203,-1.9243411118058384e-12,2.0,5.913949885361092e-13,2804.481271300087
60s,30,-20,-41.99550144299642,0.014381705680808654,0.02653408443790108,-2.2943158609492347,-2.6927330360504738,1.2218542335008946,0.07749999999553467,0.08113767525547748,0.05950944615910718,0.0005157080860228156,6.155362548699109e-06,-255.67749196852344,-71.69129378467004,-88.09973868615258,-3.432287013046593e-14,2.0,4.660176324694509e-13,12590.660607805705
60s,30,0,-21.995728796294188,0.014126887249380715,0.07052343584353292,-2.294288270820287,-2.692478217619046,1.0823921516548247,0.7749999999501617,0.8113555150334743,0.5950963433067561,0.005157048414616326,6.13343561072934e-05,-277.24386355277323,-63.05039455916767,-90.61015664381407,-2.068043646215583e-14,2.0,2.9137629808939636e-13,12635.752545802387
60s,30,4,-17.995373432246545,0.015295566494613944,0.13181928442359947,-2.2951012237275483,-2.693646896864279,1.12958115410259,1.2282922241568357,1.2859644437695268,0.9430758330309218,0.008172725181283398,9.739209265115464e-05,-276.83378310893454,-57.62067572895167,-81.65446669857603,-1.504559890845754e-14,3.0,2.920996777788787e-13,12612.152425229508
60s,30,10,-11.99401961303425,0.018647823833918498,0.47397786827857924,-2.2970935994360664,-2.6969991542035836,1.5045362234675086,2.4507651863352637,2.5662363462402658,1.8812507842877042,0.016302859656625434,0.00019680445325454817,-279.8246281580612,-46.485772217249036,-84.62077763945254,-1.4418591239582015e-14,3.0,2.960045403233025e-13,12456.843170682287
60s,30,14,-7.989940506094051,0.02849324654917762,1.1630370124039424,-2.302826981539782,-2.7068445769188427,2.340353185499419,3.884201060576267,4.069121025852799,2.979602830781192,0.025819601945808013,0.0003241663136578984,-279.84062480835814,-38.68837105071182,-82.7105867023411,-1.9082446126722497e-14,2.0,3.037813056661065e-13,12003.862429231425
60s,30,18,-3.972689734482364,0.06931917215514538,2.8896048935457395,-2.326199097301175,-2.7476705025248105,4.478902067077861,6.156043819004099,6.4619433391141206,4.709552260594654,0.04079816102055179,0.0005927188248768589,-280.8364528214677,-30.786718283974217,-61.74773185064005,-2.0668850745503287e-14,3.0,3.5224601013794654e-13,10473.824748551637
60s,30,20,-1.9461160338376058,0.1335741073608876,4.51698568699205,-2.363535299938607,-2.8119254377305527,6.520553579481493,7.74999999340817,8.160031413738565,5.90330957711815,0.05111394885250141,0.0008771989813362916,-281.3816486706695,-26.911687286515324,-53.91508450611896,-4.226106227120385e-14,3.0,4.3001713301293876e-13,8966.830344375772
60s,30,24,2.2260049325846323,0.5685835246114381,10.432027596081818,-2.6240606110608304,-3.2469348549811032,13.889395565827751,12.282922239080046,13.191612300821513,9.077183943360074,0.07832997713509203,0.0023334674593675493,-279.97181040797966,-19.68002129975349,-39.31850334303701,-7.859316496217073e-14,3.0,7.272515922807088e-13,5405.193006186516
60s,50,-20,-41.99752890500312,0.008487252035727533,0.016114369244234157,-2.2904488828027763,-2.6868385824053926,0.6550608768535396,0.0774999999999396,0.08111873829415113,0.05953594589299925,0.0003095628271757514,6.0668042717525515e-06,-251.26101660218313,-76.19781041926734,-88.04220533113343,-2.0537344115881728e-14,2.0,3.727044172417704e-13,12774.440582953344
60s,50,0,-21.997556036374455,0.00866876393625482,0.022836542703457193,-2.290657518402483,-2.68702009430592,0.5495254364092039,0.774999999999039,0.8111848491087492,0.5953451580053077,0.003095534799885817,6.057748249774724e-05,-269.1299142233878,-73.00947190051292,-87.6921870049223,-2.5026199137383274e-14,3.0,4.658756019848553e-13,12793.542853359691
60s,50,4,-17.997900451639637,0.00734462062502983,0.04059593015556717,-2.289677757321668,-2.685695950994695,0.5486889965197861,1.2282922241513448,1.2855903675894433,0.9436649231089299,0.004906573905146261,9.592353127531946e-05,-273.9482000639175,-67.85227226218778,-94.32597582086674,-2.092915074645811e-14,2.0,4.661453514853697e-13,12804.942754708496
60s,50,10,-11.997743096946039,0.007793531259571829,0.11100280848206116,-2.289969000651602,-2.686144861629237,0.6089590949617594,2.450765186628337,2.5651364828596512,1.8827958588868765,0.009789572841207425,0.0001916242232492133,-280.58049822202133,-59.09945489972905,-89.8400873149138,-1.348964512413054e-14,2.0,2.917562025306353e-13,12789.674055386386
60s,50,14,-7.997199893702753,0.009394709912863064,0.25774753684192264,-2.291025391451274,-2.687746040282528,0.7731612031731921,3.884201060589744,4.0657216059416985,2.9836668950847827,0.015513605661140531,0.00030490182445898307,-280.6746433955696,-51.777422483892096,-88.23430781616544,-1.6336460179414147e-14,3.0,2.9279183244579343e-13,12740.469651485022
60s,50,18,-3.9959124533646335,0.012517693471680857,0.6337565681626763,-2.292851120732298,-2.690869023841346,1.2269693782885118,6.156043817466467,6.444689670000533,4.727794145229214,0.02458169436803094,0.0004895121471989737,-280.5240982069919,-43.961657562435875,-103.63345330627665,-1.9457024424789082e-14,2.0,2.9606525564496167e-13,12583.343385654209
60s,50,20,-1.9942207710953639,0.01651832716660495,1.0000480943786088,-2.2951425719764513,-2.69486965753627,1.6772204836270965,7.749999999988829,8.114963930360252,5.950358209933449,0.030937640891703106,0.0006269978480789939,-280.45912252745165,-39.99987756746009,-81.9618527797641,-4.2583110974013516e-14,3.0,6.058036017275725e-13,12378.1561456668
60s,50,24,2.017668267348534,0.0445847923909346,2.4910617419524534,-2.311168375809562,-2.7229361227605997,3.5437768597336627,12.2829222352992,12.87896745440484,9.413133967163626,0.04893062000451968,0.0011083450406144822,-281.83304836323697,-32.0748689770958,-64.37472150548494,-1.171258185925228e-14,2.0,3.508859869327807e-13,11161.565422207348
60s,100,-20,-41.99907889735135,0.0033728208638352797,0.007447918472206237,-2.2868844499663075,-2.6817241512335004,0.11252086888191044,0.0774999999999991,0.08110426399030561,0.059560382743412674,0.00015484083282719087,6.0169106573581534e-06,-251.7517623956508,-82.81943200351583,-96.60746599996473,-1.9658370985554567e-14,2.0,3.7257831097658317e-13,12880.365204984497
60s,100,0,-21.998986656121318,0.0038084144761505456,0.008002232519620798,-2.2872278020964205,-2.6821597448458157,0.05559527563952386,0.7749999999998859,0.8110512529491652,0.5955802837374374,0.0015483417961050692,6.015890596668922e-05,-269.4782836135187,-82.3377091671012,-93.62206654235248,-2.6356722937853302e-14,2.0,4.657092853715961e-13,12882.549384757322
60s,100,4,-17.998950871024327,0.0039589000283748454,0.00879060554336193,-2.2873425021627907,-2.68231023039804,0.04576578363910074,1.2282922241570637,1.2854349054033851,0.9439186723744292,0.00245391892050299,9.53481085617438e-05,-273.35579639251864,-81.47821515123826,-94.23154634878665,-3.044773727782046e-14,2.0,4.657029969989956e-13,12882.18917008812
60s,100,10,-11.999124928241256,0.003295367466373378,0.020248145556681665,-2.286853017059079,-2.6816466978360385,0.04068860216796562,2.450765186628264,2.5647284297898465,1.8834714915338067,0.004896467077856716,0.0001901528525718614,-279.0778326963318,-73.89435107015792,-100.35109110902896,-2.1987523496250043e-14,2.0,4.657879984493185e-13,12888.403801206628
60s,100,14,-7.999020226700507,0.003683348259098551,0.03592497618650648,-2.2871362705070766,-2.6820346786287637,0.052518179692338324,3.884201060611022,4.064869627383611,2.9850037914338645,0.007760142145837872,0.00030147707329561044,-280.3377896012854,-68.91991169568367,-91.3697448685003,-1.4865646758813363e-14,3.0,2.911351715262356e-13,12883.927794181982
60s,100,18,-3.9989333085791485,0.003951382793147218,0.08207444454071114,-2.287317227306193,-2.6823027131628123,0.10090196866189889,6.156043819108294,6.442448668774369,4.730813541519194,0.012298723589781017,0.00047808296390474845,-280.5138926779615,-61.71979366818354,-94.8325325099245,-1.9777927939054057e-14,3.0,2.912461938286981e-13,12876.652365825534
60s,100,20,-1.9988786860314742,0.004081955633380652,0.12838912653831794,-2.2873928919154682,-2.6824332860030458,0.15246961870381054,7.749999999999371,8.110613347973771,5.955689308504525,0.015483084123772924,0.0006022111116893517,-281.3365017976336,-57.83082595137959,-93.96874552888058,-1.5441369970864427e-14,3.0,2.915376273726622e-13,12869.569722558399
60s,100,24,2.0014610406519022,0.004932302453999782,0.31582232270032234,-2.287901072016129,-2.683283632823665,0.3787556339887039,12.282922241434843,12.85495866136684,9.438576556571508,0.02453744181353064,0.0009576519113407619,-280.42544503948534,-50.01128129950776,-101.00285785825486,-3.114295523938895e-14,3.0,5.852540674311513e-13,12828.050889637148
60s,1000,-20,-42.00004027850379,0.0,1.2409902846205408e-08,-2.284473011881265,-2.678351330369665,-3.0717190583238607,0.07749999999999996,0.08109528761608333,0.059576920624653334,1.548800617974862e-05,5.992263276951089e-06,-280.7580179967138,-198.12463445621586,-265.20703522473616,-6.8293208946698e-16,2.0,1.2418425256221013e-13,12933.343616275872
60s,1000,0,-21.999965802184065,0.00028720512663094055,0.0007446154373949984,-2.2846857413962973,-2.678638535496296,-3.0755879436310325,0.7750000000646354,0.810959829627564,0.5957546152574997,0.00015487665820762867,5.993403380165306e-05,-271.50288087237544,-102.8174509413007,-116.622192480784,-1.9998610978221047e-14,2.0,3.7252964385156573e-13,12930.883365912556
60s,1000,4,-17.999956587465746,0.00032287398383390453,0.0006823773389929951,-2.2847121870048763,-2.678674204353499,-3.076765647633469,1.228292223053147,1.2852860768744137,0.9442045583823531,0.0002454621596956092,9.499123126490023e-05,-274.6108181634231,-103.97940450381283,-112.87046602610593,-2.444620142650345e-14,2.0,3.725295625364028e-13,12930.585356075375
60s,1000,10,-11.999969335792425,0.0002740246219832265,0.00085904831234548,-2.2846760937701687,-2.6786253549916483,-3.078415867810624,2.4507651866304836,2.5644791092392447,1.8839436031529195,0.0004897631730305063,0.0001895259166166084,-281.018381608724,-101.46070352932539,-118.70974544093572,-1.75941301996348e-14,2.0,3.725300504273804e-13,12931.029345293868
60s,1000,14,-7.999958250848767,0.0003168303612923751,0.0007045698404481114,-2.2847078182370564,-2.6786681607309575,-3.079584952400851,3.88420106224988,4.0644306694704175,2.985838487340846,0.00077621959572204,0.00030038672703761445,-279.7155500622066,-103.84548740602958,-111.31643097607716,-2.3285297297210076e-14,2.0,4.656620141568757e-13,12930.66808769183
60s,1000,18,-3.999952803165879,0.00033798015544483917,0.0006405868412932197,-2.2847235103150183,-2.67868931052511,-3.08067392922002,6.156043814597258,6.441692539422702,4.732226537578801,0.0012302227469889139,0.00047608726559466473,-279.74989744126543,-104.64260512022129,-114.07379092515558,-3.5346221561899805e-14,2.0,4.656620141568757e-13,12930.4946034798
60s,1000,20,-1.9999521438780945,0.00034055819889289296,0.000800150690181632,-2.284725439293182,-2.678691888568558,-3.081280534643937,7.750000003441872,8.109611048390448,5.957518926479367,0.0015487588342811807,0.0005993591220549684,-281.2957477738489,-102.33411615446839,-113.63305570417495,-2.859583018172281e-14,2.0,4.656620141568757e-13,12930.478115763945
60s,1000,24,2.0000521390624186,0.0003572044260558016,0.0008789404585468242,-2.2847377928850845,-2.678708534795721,-3.0822633543371825,12.282922233324566,12.852873681745857,9.442017750984604,0.002454613334032804,0.0009499301605255341,-280.7427811362667,-101.47626098917257,-114.22666008638033,-1.9939639657695586e-14,2.0,4.656617973164412e-13,12930.342417376294
60s,10000,-20,-42.000042785449445,0.09399633121461015,6.4879827358597444e-12,-2.3784718500415423,-2.7723476615842753,-32.54791477908276,0.07749999999999983,0.08109526421013896,0.058935654381340435,1.5488013575680235e-06,5.99210818942013e-06,-282.1425711218476,-263.8516688365783,-286.45421513906547,-9.171505331513583e-17,2.0,9.752618198326159e-14,12933.67835661528
60s,10000,0,-22.00004278544943,0.09399633121471496,7.542853890604768e-10,-2.3784718500415902,-2.77234766158438,-32.547914777521584,0.7749999999999988,0.8109526421013912,0.5893565438133967,1.5488013567632225e-05,5.992108189421428e-05,-282.5475830782166,-222.4492904937803,-305.4909353177188,-1.227270272441492e-16,2.0,1.2235052109909467e-15,12933.678356612329
60s,10000,4,-18.000040771685846,0.09400408671710014,1.8365047962490175e-05,-2.3784775902290605,-2.7723554170867653,-32.547939912946354,1.2282922239379848,1.2852736198566348,0.9340665567647324,2.4546832137792184e-05,9.496901157978405e-05,-278.1258724778868,-134.86151077987523,-149.87567185643007,-1.3907803002635564e-14,2.0,2.980232265126486e-13,12933.610695823158
60s,10000,10,-12.000039559816305,0.09400874481109422,2.908453190338344e-05,-2.3784810382320476,-2.7723600751807593,-32.54803616385509,2.450765186694601,2.564458375920987,1.863707060938514,4.8977354484930195e-05,0.00018948868387056667,-282.498767704279,-130.7728056547149,-150.95675628844452,-8.03987452852842e-15,2.0,2.980232265126486e-13,12933.570156506341
60s,10000,14,-8.00003716897405,0.09401794812020636,3.547640856823499e-05,-2.3784878502869953,-2.7723692784898715,-32.54813454824416,3.8842010605288095,4.064393741095205,2.95377431693503,7.762382021113629e-05,0.0003003211875966055,-281.8530421486351,-129.0425186829722,-150.01474084995147,-1.9333816706347366e-14,2.0,3.7252902721158013e-13,12933.489946664786
60s,10000,18,-4.000035711049213,0.09402356302136283,3.397447312928303e-05,-2.3784920064668085,-2.772374893391028,-32.54823847517858,6.1560438184178565,6.441631052969739,4.681414566500033,0.00012302540639140346,0.0004759788048219979,-282.2208147875536,-129.48361315423796,-145.79374237875027,-2.5110396753439193e-14,2.0,3.725290339878437e-13,12933.441061003721
60s,10000,20,-2.0000353039290064,0.0940251265837917,4.4078570817813285e-05,-2.378493163957658,-2.772376456953457,-32.548301577480494,7.7500000000602665,8.109533406091572,5.8935509762408635,0.00015487979540082885,0.0005992224418664805,-282.3402277252491,-127.1511889669158,-148.1894107785418,-2.663190297835078e-14,2.0,3.725290339878437e-13,12933.427486439949
60s,10000,24,1.9999656273923119,0.09402871532371604,3.889232913964511e-05,-2.378495820551434,-2.772380045693381,-32.548419341170096,12.282922240502694,12.852745667451773,9.340645963927157,0.0002454678533177587,0.0009497058591180263,-281.62092927599303,-128.3131578996891,-144.436514525244,-1.105698513434103e-14,2.0,3.7252902043531655e-13,12933.396295985083
60s,20000,-20,-42.000042804441506,1.3037333846074626,6.817541641154731e-13,-3.5882089224264386,-3.9820847149771277,-69.42604344895776,0.07749999999999989,0.08109526403282077,0.051273298397340225,7.744006844522899e-07,5.992107014498602e-06,-288.3091032750952,-285.7082809227175,-294.7702471817,-1.598559620983228e-17,2.0,1.2194171335259659e-14,12933.680892627548
60s,20000,0,-22.00004280444146,1.3037333846076375,3.336135030766022e-11,-3.5882089224265217,-3.9820847149773027,-69.42604344876341,0.7749999999999988,0.8109526403282122,0.5127329839733951,7.74400684153882e-06,5.9921070144994364e-05,-288.4446300248241,-249.5356932530916,-312.95486068225847,-2.3138102558614183e-16,2.0,1.2194175993940869e-13,12933.680892625694
60s,20000,4,-18.000042804441456,1.3037333846076087,8.372467318856399e-11,-3.588208922426519,-3.982084714977274,-69.42604344846498,1.228292224157362,1.2852733190645498,0.8126270158497076,1.2273423724729995e-05,9.4968496157788e-05,-287.9442099480804,-241.5430313408657,-316.6464351644219,6.948333027313193e-16,2.0,1.439730699568341e-15,12933.680892625465
60s,20000,10,-12.000041805658327,1.3037372311138977,3.2023325241141115e-06,-3.588211769367459,-3.982088561483563,-69.42605582695953,2.450765186409776,2.5644577128492827,1.6214035292631779,2.448869233775902e-05,0.0001894875532366292,-285.5541617588812,-149.99182728212705,-166.4711366826839,-1.4485518065601656e-14,2.0,2.980232265126486e-13,12933.64732695826
60s,20000,14,-8.000041136869244,1.3037398020334807,5.2978492837702296e-06,-3.588213672256324,-3.982091132403146,-69.42609079058813,3.8842010606006903,4.064391884395962,2.569750853009612,3.881195539881413e-05,0.0003003180537555728,-287.89896860052465,-145.54472802326214,-168.23484765398513,-8.884692696383887e-15,2.0,2.980232265126486e-13,12933.624908764135
60s,20000,18,-4.000040323351152,1.3037429350150256,4.28420464648898e-06,-3.5882159911456424,-3.9820942653846907,-69.42612695352183,6.156043818689367,6.441627632394445,4.072779545668632,6.151278774077645e-05,0.0004759730444765679,-287.15295747803873,-147.52443369156313,-161.95958484214816,-2.1688295555105305e-14,2.0,3.7252902721158013e-13,12933.597585267022
60s,20000,20,-2.0000399966458366,1.303744190477869,6.2424609200539455e-06,-3.5882169204053254,-3.982095520847534,-69.42615308069706,7.749999999914497,8.109529024763324,5.127325118427373,7.744000529417473e-05,0.0005992150680175452,-287.32614444774947,-144.122499270454,-166.49833545920725,-1.2848863428983242e-14,2.0,3.7252902721158013e-13,12933.586642882396
60s,20000,24,1.9999607283858376,1.3037469824061874,5.961833189971698e-06,-3.588218986900632,-3.9820983127758525,-69.4262049512138,12.282922240870587,12.852738418261522,8.126260742002982,0.0001227341084961273,0.0009496936691872887,-287.2622373623934,-144.5680276034346,-162.38032005288522,-1.6417355214008722e-14,2.0,3.725290339878437e-13,12933.562304778703
