# Additional actual SPICE runs; definitions as in MODEL-results.csv.
# Late windows, time-step refinement, Gear2, load/source sensitivity, DDT equivalence.
case_id,model,stage,netlist,log,waveform_archive,waveform_key,tag,frequency_hz,source_dbv,source_resistance_ohm,load_ohm,tstart_s,tstop_s,max_step_s,native_samples,integration_method,source_h1_rms_v,primary_h1_rms_v,output_h1_rms_v,gain_source_db,gain_primary_db,phase_source_deg,phase_primary_deg,compression_source_db,compression_primary_db,h3_dbc,h5_dbc,h3_minus_h5_db,h3_status,h5_status,harmonics_basis,output_dc_mean_v,output_dc_fit_v,output_drift_v_per_window,source_peak_v,primary_peak_v,output_peak_v,primary_dc_mean_v,primary_current_dc_mean_a,output_min_v,output_max_v,cap1_peak_v,cap1_mean_v,cap1_drift_v_per_window,cap2_peak_v,primary_current_h1_rms_a,gain_early_late_db,output_residual_rms_v,window_stationarity
GCOT-SE-01__refined__f20__m30dBV,GCOT-SE-01,60s,netlists/GCOT-SE-01__refined__f20__m30dBV.cir,logs/GCOT-SE-01__refined__f20__m30dBV.log,diagnostic-waveforms.npz,GCOT-SE-01__refined__f20__m30dBV,refined,20,-30,200,8,1.0,1.5,1.0416666666666666e-05,48001,trap,0.03162277660168379,0.0012776794892554195,0.010923745822987338,-9.232568274194753,18.638993264462947,1.7369332592307486e-07,7.25622081997105e-08,-0.9082487217434068,-11.42995443280317,-46.666329941146344,-54.79423527602713,8.127905334880786,resolved,resolved,adaptive_analog_not_48k,0.0001290544921339174,0.00012811660789096115,6.936064953268456e-05,0.04472135751444281,0.0016597351061505144,0.015661003964238265,-4.480635403145486e-12,-1.3958243779455348e-13,-0.015400704837226085,0.015661003964238265,0.006877661948280274,0.0038682277051494923,0.0012595752007581943,0.0,0.0001517254855621419,-1.424792802044636e-07,6.81565071739072e-06,drifting
GCOT-SE-01__refined__f20__p6dBV,GCOT-SE-01,60s,netlists/GCOT-SE-01__refined__f20__p6dBV.cir,logs/GCOT-SE-01__refined__f20__p6dBV.log,diagnostic-waveforms.npz,GCOT-SE-01__refined__f20__p6dBV,refined,20,6,200,8,1.0,1.5,1.0416666666666666e-05,48001,trap,1.9952623149688793,0.016553750507962258,0.7138482842823636,-8.9278815992185,32.69419029307161,0.32030644685609844,42.36276222699892,-1.2129353967196597,-25.48515146141183,-51.23460286198718,-63.26355122773038,12.028948365743204,resolved,resolved,adaptive_analog_not_48k,0.005138431739944685,0.005377342923013516,-0.0009425232784555263,2.821726992446381,0.09363286881912791,1.0203243739534786,0.008627558872572721,-4.313794389317974e-05,-1.0038178634344874,1.0203243739534786,0.4136318803780251,0.2342024116623014,0.051242709727467195,0.0,0.009914998395103817,-0.001398461184901498,0.00255472876428423,drifting
GCOT-SE-01__refined__f1000__m30dBV,GCOT-SE-01,60s,netlists/GCOT-SE-01__refined__f1000__m30dBV.cir,logs/GCOT-SE-01__refined__f1000__m30dBV.log,diagnostic-waveforms.npz,GCOT-SE-01__refined__f1000__m30dBV,refined,1000,-30,200,8,0.04,0.05,1.953125e-06,5487,trap,0.031622776601683805,0.001277679320988657,0.010924234827191662,-9.232179456882985,18.639383225681808,-1.0101552432289214e-07,-2.500150977573716e-06,-0.9082523491653749,-11.42995920413223,-46.666963857533744,-54.79511299241398,8.128149134880239,resolved,resolved,adaptive_analog_not_48k,7.725359766662273e-08,7.732895879811798e-08,3.6871188806645454e-07,0.04472133763322674,0.0016597346797090698,0.015502254581316046,3.6172134410218996e-10,-1.5102875169160713e-12,-0.015502098136654227,0.015502254581316046,9.610016013987492e-05,4.8063983935963634e-05,1.5131788602962258e-08,0.0,0.0001517254864034757,-9.165454268001333e-09,6.815385402512355e-06,within_thresholds
GCOT-SE-01__refined__f1000__p6dBV,GCOT-SE-01,60s,netlists/GCOT-SE-01__refined__f1000__p6dBV.cir,logs/GCOT-SE-01__refined__f1000__p6dBV.log,diagnostic-waveforms.npz,GCOT-SE-01__refined__f1000__p6dBV,refined,1000,6,200,8,0.04,0.05,1.953125e-06,5394,trap,1.99526231496888,0.011893215678690183,0.7140128630741037,-8.925879285154846,35.568134820630405,4.183168629999426e-06,0.0007017882194259924,-1.2145525208935144,-28.358710799080825,-61.6147768357333,-68.61573245934656,7.000955623613258,resolved,resolved,adaptive_analog_not_48k,5.023419861568314e-06,4.995416877376812e-06,8.67946267521564e-06,2.8217268710573724,0.015158610574753428,1.0103695474088912,1.1944775589981828e-07,-5.85079211925024e-10,-1.0103595184855787,1.0103695474088912,0.006292454789469034,0.0031471313767931003,9.813937628552365e-07,0.0,0.009916845496455377,8.005969831479247e-08,0.0001365838947695757,within_thresholds
GCOT-SE-01__refined__f20000__m30dBV,GCOT-SE-01,60s,netlists/GCOT-SE-01__refined__f20000__m30dBV.cir,logs/GCOT-SE-01__refined__f20000__m30dBV.log,diagnostic-waveforms.npz,GCOT-SE-01__refined__f20000__m30dBV,refined,20000,-30,200,8,0.04,0.0405,9.765625e-08,5511,trap,0.03162277660168375,0.0012776793245527045,0.010924235019282552,-9.23217930415097,18.639383354184783,6.477313023398296e-07,1.6031457842934652e-05,-0.9082523481349938,-11.429959178872812,-46.66696245696717,-54.795106200447705,8.128143743480535,resolved,resolved,adaptive_analog_not_48k,3.2776907205683157e-09,3.267851285528954e-09,3.5164106429561835e-07,0.04472102901533849,0.0016597280480896703,0.015502071825403222,5.977960288514472e-10,-2.526745770085311e-12,-0.01550206486748858,0.015502071825403222,4.804283912364814e-06,2.4028113793855647e-06,3.2046982479595304e-11,0.0,0.00015172548638565564,7.429460382769369e-09,6.815499472463986e-06,within_thresholds
GCOT-SE-01__refined__f20000__p6dBV,GCOT-SE-01,60s,netlists/GCOT-SE-01__refined__f20000__p6dBV.cir,logs/GCOT-SE-01__refined__f20000__p6dBV.log,diagnostic-waveforms.npz,GCOT-SE-01__refined__f20000__p6dBV,refined,20000,6,200,8,0.04,0.0405,9.765625e-08,5429,trap,1.9952623149688802,0.011893195955147921,0.714012882813416,-8.925879045028239,35.56814946532664,2.8558690576170783e-06,0.0004791149431341376,-1.2145526072577244,-28.358725290014668,-61.61480897451722,-68.61576787117903,7.000958896661814,resolved,resolved,adaptive_analog_not_48k,1.9574470231567625e-07,2.0837158146345762e-07,7.87461279703156e-06,2.821726313495281,0.015158609043256721,1.0103646012767693,8.400589605178633e-08,-4.2746935354396344e-10,-1.010364145698266,1.0103646012767693,0.0003145656268208844,0.00015732167478125982,1.9814876087566494e-09,0.0,0.00991684559507072,-6.21864476594054e-08,0.00013659728399257324,within_thresholds
GCOT-SE-01__gear__f20__p6dBV,GCOT-SE-01,60s,netlists/GCOT-SE-01__gear__f20__p6dBV.cir,logs/GCOT-SE-01__gear__f20__p6dBV.log,diagnostic-waveforms.npz,GCOT-SE-01__gear__f20__p6dBV,gear,20,6,200,8,1.0,1.5,2.0833333333333333e-05,24001,gear,1.9952623149688788,0.016553686800904254,0.7138482844506128,-8.927881597171295,32.69422372280274,0.32030371745821146,42.36251818632737,-1.2129353987668647,-25.485184891142964,-51.2346317677921,-63.26337180931881,12.02874004152671,resolved,resolved,adaptive_analog_not_48k,0.005138446608647424,0.005377352514470347,-0.0009425949935266292,2.821725488164548,0.09363187421717203,1.0203242309106182,0.008627493998359761,-4.313774810130486e-05,-1.0038174353137037,1.0203242309106182,0.4136315964308026,0.23420350030706222,0.051242666843061266,0.0,0.009914998395577688,-0.0013983952471394042,0.002554715104900115,drifting
GCOT-SE-01__gear__f1000__p6dBV,GCOT-SE-01,60s,netlists/GCOT-SE-01__gear__f1000__p6dBV.cir,logs/GCOT-SE-01__gear__f1000__p6dBV.log,diagnostic-waveforms.npz,GCOT-SE-01__gear__f1000__p6dBV,gear,1000,6,200,8,0.04,0.05,3.90625e-06,3314,gear,1.9952623149688784,0.011893201523093587,0.7140128681751758,-8.925879223100845,35.56814522084913,9.090907413992298e-06,0.0015251366052858805,-1.2145525829475154,-28.358721199299552,-61.61475866469377,-68.61564722522824,7.000888560534477,resolved,resolved,adaptive_analog_not_48k,4.98682209103323e-06,5.1450607565881005e-06,8.905497648717928e-06,2.8217269315484015,0.01515861091116566,1.010369670357011,2.2846331721044188e-07,-1.0818322835870296e-09,-1.01035942837184,1.010369670357011,0.006291287482709474,0.0031466109441969327,9.473120712180686e-07,0.0,0.009916845567249869,-5.151823460823337e-07,0.0001366654985278621,within_thresholds
GCOT-SE-01__load4__f20__p6dBV,GCOT-SE-01,60s,netlists/GCOT-SE-01__load4__f20__p6dBV.cir,logs/GCOT-SE-01__load4__f20__p6dBV.log,diagnostic-waveforms.npz,GCOT-SE-01__load4__f20__p6dBV,load4,20,6,200,4,1.0,1.5,2.0833333333333333e-05,24001,trap,1.995262314968882,0.016553851163252,0.7138482800776285,-8.927881650380456,32.694137427408215,0.32031038886521496,42.36308779015707,-1.2129353455577032,-25.48509859574844,-51.23439110817784,-63.26284931707786,12.02845820890002,resolved,resolved,adaptive_analog_not_48k,0.005138392742026747,0.005377288985532927,-0.0009427660411470527,2.8217267488339983,0.09363236714258555,1.0203244196696761,0.008627680676692302,-4.313893428277974e-05,-1.003817809297637,1.0203244196696761,0.4136318816292176,0.23420542334035677,0.05124189019553251,0.0,0.009914998336303526,-0.0013985188757125908,0.0025547326259017923,drifting
GCOT-SE-01__load1000__f20__p6dBV,GCOT-SE-01,60s,netlists/GCOT-SE-01__load1000__f20__p6dBV.cir,logs/GCOT-SE-01__load1000__f20__p6dBV.log,diagnostic-waveforms.npz,GCOT-SE-01__load1000__f20__p6dBV,load1000,20,6,200,1000,1.0,1.5,2.0833333333333333e-05,24001,trap,1.995262314968882,0.016553851163252,0.7138482800776285,-8.927881650380456,32.694137427408215,0.32031038886521496,42.36308779015707,-1.2129353455577032,-25.48509859574844,-51.23439110817784,-63.26284931707786,12.02845820890002,resolved,resolved,adaptive_analog_not_48k,0.005138392742026747,0.005377288985532927,-0.0009427660411470527,2.8217267488339983,0.09363236714258555,1.0203244196696761,0.008627680676692302,-4.313893428277974e-05,-1.003817809297637,1.0203244196696761,0.4136318816292176,0.23420542334035677,0.05124189019553251,0.0,0.009914998336303526,-0.0013985188757125908,0.0025547326259017923,drifting
GCOT-SE-01__rs20__f20__p6dBV,GCOT-SE-01,60s,netlists/GCOT-SE-01__rs20__f20__p6dBV.cir,logs/GCOT-SE-01__rs20__f20__p6dBV.log,diagnostic-waveforms.npz,GCOT-SE-01__rs20__f20__p6dBV,rs20,20,6,20,8,1.0,1.5,2.0833333333333333e-05,24001,trap,1.9952623149688804,1.6093982069017998,2.845778510048983,3.0840219092957093,4.950751646786398,50.28177583094316,72.48084563050695,-0.15618450941227957,2.2582871848733728,-4.240023568779232,-9.833193484856032,5.593169916076801,resolved,resolved,adaptive_analog_not_48k,-1.4892482691201222e-05,-1.0777401325481421e-05,0.0036994760594858435,2.8217261662081508,2.820196633069062,8.679380094436906,7.527192253407823e-05,-3.7642805919136547e-06,-8.679163235677963,8.679380094436906,0.5385650058561948,1.59061975375549e-05,-5.883591576138089e-05,0.0,0.03952645502334086,4.788339111908732e-05,0.5721255889193139,drifting
GCOT-SE-01__rs2000__f20__p6dBV,GCOT-SE-01,60s,netlists/GCOT-SE-01__rs2000__f20__p6dBV.cir,logs/GCOT-SE-01__rs2000__f20__p6dBV.log,diagnostic-waveforms.npz,GCOT-SE-01__rs2000__f20__p6dBV,rs2000,20,6,2000,8,1.0,1.5,2.0833333333333333e-05,24001,trap,1.9952623149688804,0.003610198143141947,0.07169626576753951,-28.890069271242282,25.95930995872397,1.589933401100668e-07,-1.1586168124486267e-05,-0.11955397474688567,-18.750271127064288,-72.49167588915802,-79.76879254496711,7.277116655809095,resolved,resolved,adaptive_analog_not_48k,0.0008488234410378364,0.0008426548753990599,0.0004540759000796455,2.8217267137293454,0.004624757224229281,0.10246028065138349,-1.0736305311928561e-10,-2.433869744752944e-12,-0.10074822713483074,0.10246028065138349,0.04523599147127003,0.025442332737573608,0.008284517731395427,0.0,0.0009958260584128692,-1.416021288908701e-07,3.41106815714013e-06,drifting
GCOT-SE-01__late5__f20__m30dBV,GCOT-SE-01,60s,netlists/GCOT-SE-01__late5__f20__m30dBV.cir,logs/GCOT-SE-01__late5__f20__m30dBV.log,diagnostic-waveforms.npz,GCOT-SE-01__late5__f20__m30dBV,late5,20,-30,200,8,5,5.5,2.0833333333333333e-05,24001,trap,0.03162277660168383,0.0012776794543190879,0.010923636316006992,-9.232655347834969,18.638906428326067,6.531929541263447e-06,2.1105771390053872e-05,-0.9081616481031904,-11.42986759666629,-46.65990660374604,-54.78444710361542,8.124540499869383,resolved,resolved,adaptive_analog_not_48k,0.004187285578060064,0.004156855831370583,0.0017481205683756971,0.04472134197385723,0.00165974082281755,0.020467813016716872,1.6360414994878961e-09,-9.578894685112083e-12,-0.012022210304290626,0.020467813016716872,0.11994110827126239,0.09796987391947296,0.0408676370535004,0.0,0.00015172548573682393,-4.641054740475901e-06,6.90253810924581e-06,drifting
GCOT-SE-01__late5__f20__p6dBV,GCOT-SE-01,60s,netlists/GCOT-SE-01__late5__f20__p6dBV.cir,logs/GCOT-SE-01__late5__f20__p6dBV.log,diagnostic-waveforms.npz,GCOT-SE-01__late5__f20__p6dBV,late5,20,6,200,8,5,5.5,2.0833333333333333e-05,24001,trap,1.995262314968884,0.17916015274872238,0.7072956725550321,-9.00797998104073,11.92719153806992,5.110670134153774,82.77483066730984,-1.1328370148974294,-4.718152706410143,-29.329003017750054,-44.93343113288611,15.60442811513606,resolved,resolved,adaptive_analog_not_48k,0.0004862311678695212,0.0004218951845245242,-2.1143928532935623e-05,2.821726748829627,0.7544285854288683,1.0612558384012185,0.14159726404660503,-0.0007079868511306783,-0.9624175044802938,1.0612558384012185,0.48677640222923935,0.3297688310282425,0.004515706157357838,0.0,0.009823986675980466,-0.008922782264549263,0.0027301485076701207,drifting
GCOT-SE-01__late20__f20__m30dBV,GCOT-SE-01,60s,netlists/GCOT-SE-01__late20__f20__m30dBV.cir,logs/GCOT-SE-01__late20__f20__m30dBV.log,diagnostic-waveforms.npz,GCOT-SE-01__late20__f20__m30dBV,late20,20,-30,200,8,20,20.5,2.0833333333333333e-05,24001,trap,0.0316227766016838,0.0221560582978698,0.008079333798730505,-11.85248897129901,-8.762338955467733,44.47723153721893,89.68921882126702,1.7116719753608507,15.97137778712751,-75.21797123833886,-89.49765590208855,14.279684663749691,resolved,resolved,adaptive_analog_not_48k,0.00014390996440223768,0.00013321659734037282,-4.51565259547529e-06,0.044721341971988425,0.6871250332774437,0.011761594884378761,0.6447989889000443,-0.0032239949458990553,-0.011267290876450897,0.011761594884378761,0.48352362296687323,0.4811652679687011,0.0013670871586731951,0.0,0.00011221794221292397,-0.07239112294255806,5.4566688831103443e-05,drifting
GCOT-SE-01__late20__f20__p6dBV,GCOT-SE-01,60s,netlists/GCOT-SE-01__late20__f20__p6dBV.cir,logs/GCOT-SE-01__late20__f20__p6dBV.log,diagnostic-waveforms.npz,GCOT-SE-01__late20__f20__p6dBV,late20,20,6,200,8,20,20.5,2.0833333333333333e-05,24001,trap,1.9952623149688815,0.8176127552552506,0.601199859350487,-10.419622593748986,-2.6705757557691747,23.714515746957883,78.94986082454086,0.2788055978108268,9.879614587428952,-19.108134807341276,-31.024456901905335,11.916322094564059,resolved,resolved,adaptive_analog_not_48k,0.00032698863778980974,4.66438271789313e-05,2.5514009338796033e-05,2.8217267488903794,2.8273838167065772,1.151976201153326,0.7026415419153232,-0.0035132082404969655,-0.7695895898041472,1.151976201153326,0.5387855830876725,0.41286962777366104,0.002144167243786288,0.0,0.008350368368451256,-0.036465213237122526,0.0034249862491188172,drifting
GCOT-PP-03__refined__f20__m30dBV,GCOT-PP-03,80s,netlists/GCOT-PP-03__refined__f20__m30dBV.cir,logs/GCOT-PP-03__refined__f20__m30dBV.log,diagnostic-waveforms.npz,GCOT-PP-03__refined__f20__m30dBV,refined,20,-30,200,8,1.0,1.5,1.0416666666666666e-05,48001,trap,0.03162277660168381,0.0018626537820952678,0.007142323355871887,-12.923209835897765,11.674147392518893,6.568969160407359e-09,6.573902917384415e-09,-2.0111531764399615e-05,-0.00034617857549434916,-121.99559814405247,-163.13440239961355,41.138804255561084,below_reporting_floor,below_reporting_floor,adaptive_analog_not_48k,2.5041057631683988e-05,2.498013404790135e-05,1.1197697950751294e-05,0.04472135362259965,0.002634156931627857,0.010130650143823744,-1.3220542938528103e-11,-1.0560990398573607e-12,-0.010080425876992698,0.010130650143823744,0.0002966339638984513,0.00015599160685247739,2.037399355048288e-05,0.0002966339639015391,0.00014880061409794276,-4.7643649615070396e-09,2.0403466718555664e-09,drifting
GCOT-PP-03__refined__f20__p6dBV,GCOT-PP-03,80s,netlists/GCOT-PP-03__refined__f20__p6dBV.cir,logs/GCOT-PP-03__refined__f20__p6dBV.log,diagnostic-waveforms.npz,GCOT-PP-03__refined__f20__p6dBV,refined,20,6,200,8,1.0,1.5,1.0416666666666666e-05,48001,trap,1.9952623149688786,0.10528721421287053,0.45358728478074695,-12.866782566736727,12.685704735848237,6.9632581107110145e-06,0.00013185398477111066,-0.056447380692802085,-1.0119035219048378,-54.83732269072449,-75.31395647447982,20.476633783755332,resolved,resolved,adaptive_analog_not_48k,0.0015892086640162378,0.0015853396237889307,0.0007106636249455952,2.8217270256592966,0.1444639316557721,0.6444295361776122,1.9308832072547785e-07,-9.654942601513907e-10,-0.6412420011065161,0.6444295361776122,0.01882615108239179,0.009900021393376522,0.0012930310425509086,0.018826151082497182,0.009449875503781364,-7.217777973780151e-09,2.561204625339515e-07,drifting
GCOT-PP-03__refined__f1000__m30dBV,GCOT-PP-03,80s,netlists/GCOT-PP-03__refined__f1000__m30dBV.cir,logs/GCOT-PP-03__refined__f1000__m30dBV.log,diagnostic-waveforms.npz,GCOT-PP-03__refined__f1000__m30dBV,refined,1000,-30,200,8,0.04,0.05,1.953125e-06,5165,trap,0.031622776601683784,0.0018626537925011486,0.007142429431853602,-12.923080836217588,11.674276343674567,2.2674971126231527e-10,3.8497187139332985e-09,-2.0405555748226334e-05,-0.0003464240749764258,-122.11907075378372,-210.76270369826932,88.6436329444856,below_reporting_floor,below_reporting_floor,adaptive_analog_not_48k,1.6745138200410963e-08,1.6935746155543448e-08,3.763994799230945e-09,0.044721358248269026,0.002634157204061738,0.010100945220538202,-4.970756649499169e-11,-3.971387276966601e-12,-0.010100910972691633,0.010100945220538202,5.237833313554092e-06,2.6192392608855018e-06,2.75602959655126e-10,5.2378333135714305e-06,0.00014880061404591333,1.9286549331065723e-14,4.424369965041166e-14,within_thresholds
GCOT-PP-03__refined__f1000__p6dBV,GCOT-PP-03,80s,netlists/GCOT-PP-03__refined__f1000__p6dBV.cir,logs/GCOT-PP-03__refined__f1000__p6dBV.log,diagnostic-waveforms.npz,GCOT-PP-03__refined__f1000__p6dBV,refined,1000,6,200,8,0.04,0.05,1.953125e-06,5158,trap,1.9952623149688804,0.10528721222417242,0.4535940219691951,-12.866653555093974,12.685833911552821,1.993733901421503e-10,3.7782977059573065e-09,-0.05644768667936262,-1.0119039919532309,-54.837492395930795,-75.31444355715452,20.476951161223724,resolved,resolved,adaptive_analog_not_48k,9.986538267949026e-07,1.0748528015343915e-06,2.4508922516511534e-07,2.821727018855037,0.14446390186787061,0.6425442774124615,-2.017820561097992e-08,-1.58749673740029e-09,-0.6425421393591344,0.6425442774124615,0.00033242587939425714,0.00016623952989491407,1.7492407404985212e-08,0.0003324258793953395,0.00944987551372354,-7.50458921024341e-11,2.1890382588634379e-07,within_thresholds
GCOT-PP-03__refined__f20000__m30dBV,GCOT-PP-03,80s,netlists/GCOT-PP-03__refined__f20000__m30dBV.cir,logs/GCOT-PP-03__refined__f20000__m30dBV.log,diagnostic-waveforms.npz,GCOT-PP-03__refined__f20000__m30dBV,refined,20000,-30,200,8,0.04,0.0405,9.765625e-08,5170,trap,0.03162277660168384,0.0018626537925010476,0.007142429474097989,-12.923080784844318,11.674276395048327,2.2786970566376572e-10,3.868587140664491e-09,-2.0405552286106854e-05,-0.00034642407200280445,-122.11907095460909,-210.76922294962782,88.65015199501873,below_reporting_floor,below_reporting_floor,adaptive_analog_not_48k,-2.7149203683674233e-10,7.573867660938396e-10,9.405945880497917e-12,0.04472135313789835,0.0026341569030829265,0.010100927851947708,-2.6832246478730594e-10,-2.143501370933158e-11,-0.01010092633999319,0.010100927851947708,2.618795442990624e-07,1.3095923788603933e-07,6.057744926911193e-13,2.618795443114997e-07,0.0001488006140459139,-1.5429239464852607e-14,4.556140749117664e-14,within_thresholds
GCOT-PP-03__refined__f20000__p6dBV,GCOT-PP-03,80s,netlists/GCOT-PP-03__refined__f20000__p6dBV.cir,logs/GCOT-PP-03__refined__f20000__p6dBV.log,diagnostic-waveforms.npz,GCOT-PP-03__refined__f20000__p6dBV,refined,20000,6,200,8,0.04,0.0405,9.765625e-08,5161,trap,1.9952623149688808,0.10528721222472537,0.4535940246518737,-12.866653503723258,12.685833962877924,1.6288629629103399e-10,3.0867684201002593e-09,-0.0564476866733461,-1.0119039919015993,-54.83749244433842,-75.31444359841164,20.47695115407322,resolved,resolved,adaptive_analog_not_48k,4.6815347185480516e-08,4.8069261380404256e-08,6.8108927776127715e-09,2.8217269705548307,0.1444638999015173,0.6425431847919392,-6.409907905250095e-10,-2.6109510723122115e-11,-0.6425430890727564,0.6425431847919392,1.6620516007620456e-05,8.311059482072009e-06,3.842907551447292e-11,1.6620516008412543e-05,0.009449875513720774,9.934501560426281e-12,2.1889747472418858e-07,within_thresholds
GCOT-PP-03__gear__f20__p6dBV,GCOT-PP-03,80s,netlists/GCOT-PP-03__gear__f20__p6dBV.cir,logs/GCOT-PP-03__gear__f20__p6dBV.log,diagnostic-waveforms.npz,GCOT-PP-03__gear__f20__p6dBV,gear,20,6,200,8,1.0,1.5,2.0833333333333333e-05,24001,gear,1.9952623149688808,0.10528721458998312,0.45358728471737836,-12.866782567950203,12.685704703524078,6.965461944738297e-06,0.00013185584232275143,-0.05644737947932654,-1.0119034895806784,-54.83732376418607,-75.31394383835368,20.476620074167613,resolved,resolved,adaptive_analog_not_48k,0.001589190731136866,0.0015853492508437937,0.0007106377445892932,2.8217269011549986,0.1444639265569947,0.6444294997238114,1.8597307316059556e-07,-1.5342588642692823e-09,-0.6412419786439147,0.6444294997238114,0.01882610977660762,0.00990032636186304,0.0012929914527938092,0.018826109776656857,0.009449875501895804,-7.2272968502104135e-09,2.5611549614048376e-07,drifting
GCOT-PP-03__gear__f1000__p6dBV,GCOT-PP-03,80s,netlists/GCOT-PP-03__gear__f1000__p6dBV.cir,logs/GCOT-PP-03__gear__f1000__p6dBV.log,diagnostic-waveforms.npz,GCOT-PP-03__gear__f1000__p6dBV,gear,1000,6,200,8,0.04,0.05,3.90625e-06,3061,gear,1.995262314968882,0.10528721225469849,0.45359402196269183,-12.866653555218514,12.685833908909977,1.659403372418493e-10,3.1796235953941154e-09,-0.05644768655482224,-1.0119039893103867,-54.83749211766308,-75.3144432347247,20.476951117061624,resolved,resolved,adaptive_analog_not_48k,9.530931484080465e-07,1.0746638553935249e-06,2.4503608404061064e-07,2.821723409252716,0.14446375851496107,0.6425434646473731,-3.4161899626889596e-08,-2.5327430894489753e-09,-0.6425411481580146,0.6425434646473731,0.00033236631609816664,0.000166211349734072,1.5103777730109425e-08,0.00033236631609783097,0.009449875513570901,3.794242849892277e-11,2.1890866869395536e-07,within_thresholds
GCOT-PP-03__load4__f20__p6dBV,GCOT-PP-03,80s,netlists/GCOT-PP-03__load4__f20__p6dBV.cir,logs/GCOT-PP-03__load4__f20__p6dBV.log,diagnostic-waveforms.npz,GCOT-PP-03__load4__f20__p6dBV,load4,20,6,200,4,1.0,1.5,2.0833333333333333e-05,24001,trap,1.9952623149688793,0.1052872145739914,0.4535872846987112,-12.866782568307658,12.685704704485882,6.964821516258154e-06,0.00013185690379401288,-0.05644737912187203,-1.0119034905424833,-54.8373237368915,-75.31394394450292,20.476620207611425,resolved,resolved,adaptive_analog_not_48k,0.001589204221266935,0.001585347608568415,0.0007106470628182479,2.8217254313965245,0.1444638668098166,0.6444291553267729,1.8989561601699697e-07,-1.220880684676046e-09,-0.6412416462277116,0.6444291553267729,0.018826137990117984,0.0099002345653809,0.0012930059111143468,0.018826137990026675,0.009449875501975761,-7.220865750330621e-09,2.56114299119982e-07,drifting
GCOT-PP-03__load1000__f20__p6dBV,GCOT-PP-03,80s,netlists/GCOT-PP-03__load1000__f20__p6dBV.cir,logs/GCOT-PP-03__load1000__f20__p6dBV.log,diagnostic-waveforms.npz,GCOT-PP-03__load1000__f20__p6dBV,load1000,20,6,200,1000,1.0,1.5,2.0833333333333333e-05,24001,trap,1.9952623149688793,0.1052872145739914,0.4535872846987112,-12.866782568307658,12.685704704485882,6.964821516258154e-06,0.00013185690379401288,-0.05644737912187203,-1.0119034905424833,-54.8373237368915,-75.31394394450292,20.476620207611425,resolved,resolved,adaptive_analog_not_48k,0.001589204221266935,0.001585347608568415,0.0007106470628182479,2.8217254313965245,0.1444638668098166,0.6444291553267729,1.8989561601699697e-07,-1.220880684676046e-09,-0.6412416462277116,0.6444291553267729,0.018826137990117984,0.0099002345653809,0.0012930059111143468,0.018826137990026675,0.009449875501975761,-7.220865750330621e-09,2.56114299119982e-07,drifting
GCOT-PP-03__rs20__f20__p6dBV,GCOT-PP-03,80s,netlists/GCOT-PP-03__rs20__f20__p6dBV.cir,logs/GCOT-PP-03__rs20__f20__p6dBV.log,diagnostic-waveforms.npz,GCOT-PP-03__rs20__f20__p6dBV,rs20,20,6,20,8,1.0,1.5,2.0833333333333333e-05,24001,trap,1.9952623149688804,0.3903560876450471,3.8518384713676075,5.713361329877536,19.884142197426815,0.20063044531186705,1.0255532297482612,-2.331217261240738,-8.210340983483416,-30.325181816556174,-39.77420648468461,9.449024668128438,resolved,resolved,adaptive_analog_not_48k,-0.0030162995677394293,-0.002908033640531229,0.0043288208400501585,2.82172650494335,0.49937298745088166,5.582412834717461,0.004501303780523077,-0.00022506972552169765,-5.567014305569108,5.582412834717461,0.10476768129022042,0.033804487200550556,-0.0024206627315720122,0.10476768129007352,0.08024782625234003,-2.8078356917564746e-05,0.0057084105687039925,drifting
GCOT-PP-03__rs2000__f20__p6dBV,GCOT-PP-03,80s,netlists/GCOT-PP-03__rs2000__f20__p6dBV.cir,logs/GCOT-PP-03__rs2000__f20__p6dBV.log,diagnostic-waveforms.npz,GCOT-PP-03__rs2000__f20__p6dBV,rs2000,20,6,2000,8,1.0,1.5,2.0833333333333333e-05,24001,trap,1.9952623149688824,0.012389230702054424,0.047588246955562304,-32.450005866852614,11.689107331252217,6.798622342363396e-09,1.0093722677100211e-08,-9.482881064570847e-05,-0.01530611730872522,-108.7502421926053,-157.52314352319752,48.77290133059222,resolved,below_reporting_floor,adaptive_analog_not_48k,0.00016684455998372568,0.00016643884645242782,7.46082666840587e-05,2.82172558785867,0.017510819582194248,0.0674991956342085,-1.4213586458066774e-10,-1.1376038810743218e-11,-0.06716455558010492,0.0674991956342085,0.0019764255157205517,0.0010393508410947723,0.00013574836338050772,0.0019764255157131063,0.000991436542133413,-4.756362972185194e-09,1.3594367569101458e-08,drifting
GCOT-PP-03__late5__f20__m30dBV,GCOT-PP-03,80s,netlists/GCOT-PP-03__late5__f20__m30dBV.cir,logs/GCOT-PP-03__late5__f20__m30dBV.log,diagnostic-waveforms.npz,GCOT-PP-03__late5__f20__m30dBV,late5,20,-30,200,8,5,5.5,2.0833333333333333e-05,24001,trap,0.031622776601683715,0.0018626537824547138,0.00714232228874126,-12.923211133651858,11.674146093088611,6.727914905832579e-08,6.748947262105702e-08,-1.881377767176673e-05,-0.0003448791452118627,-121.46056968399341,-148.56787303111363,27.107303347120222,below_reporting_floor,below_reporting_floor,adaptive_analog_not_48k,0.00024564179478094337,0.0002450440118671442,6.010677268617084e-05,0.04472135126104686,0.002634156792555558,0.01037266975627177,-8.461392823239191e-11,-6.760041676420417e-12,-0.009879991920323478,0.01037266975627177,0.0010612083721885817,0.0008373400035681313,0.00019985594458410066,0.0010612083721883209,0.00014880061409614507,-4.675610394283626e-08,1.0952564454352183e-08,drifting
GCOT-PP-03__late5__f20__p6dBV,GCOT-PP-03,80s,netlists/GCOT-PP-03__late5__f20__p6dBV.cir,logs/GCOT-PP-03__late5__f20__p6dBV.log,diagnostic-waveforms.npz,GCOT-PP-03__late5__f20__p6dBV,late5,20,6,200,8,5,5.5,2.0833333333333333e-05,24001,trap,1.9952623149688862,0.10529130144532876,0.45358639989549326,-12.866799511707246,12.685350612605308,0.011032115823607285,0.20905734716738666,-0.05643043572228379,-1.0115493986619093,-54.82762629562589,-75.2517352349256,20.424108939299714,resolved,resolved,adaptive_analog_not_48k,0.015434125380417331,0.015407380030092635,0.0036117248028142185,2.821725431386044,0.14536799035721715,0.6595641214984332,0.000625663290469988,-3.1285878539101317e-06,-0.6285887129972442,0.6595641214984332,0.06718720732090465,0.053045291472777915,0.01256096030229504,0.06718720731994837,0.009449858387117564,-9.672101870960792e-06,2.8998698430348315e-05,drifting
GCOT-PP-03__late20__f20__m30dBV,GCOT-PP-03,80s,netlists/GCOT-PP-03__late20__f20__m30dBV.cir,logs/GCOT-PP-03__late20__f20__m30dBV.log,diagnostic-waveforms.npz,GCOT-PP-03__late20__f20__m30dBV,late20,20,-30,200,8,20,20.5,2.0833333333333333e-05,24001,trap,0.0316227766016838,0.0026567118135022503,0.0071401447907277985,-12.925859626727107,8.58725143481311,3.522403363795066,46.99592479855223,0.00262967929757707,3.086549779130289,-84.90498626457567,-90.10388563366861,5.198899369092942,resolved,resolved,adaptive_analog_not_48k,0.0032476326022165217,0.003246205443746363,-0.00020996837183686747,0.044721351262368744,0.5928745719324265,0.013447999398212764,0.56604801045097,-0.00283024005944755,-0.006947776668611509,0.013447999398212764,0.1731215625500786,0.17180692835942354,0.002644434538122813,0.1731215625499032,0.00014875512592300082,-2.0328562914738e-05,9.716644982832637e-06,drifting
GCOT-PP-03__late20__f20__p6dBV,GCOT-PP-03,80s,netlists/GCOT-PP-03__late20__f20__p6dBV.cir,logs/GCOT-PP-03__late20__f20__p6dBV.log,diagnostic-waveforms.npz,GCOT-PP-03__late20__f20__p6dBV,late20,20,6,200,8,20,20.5,2.0833333333333333e-05,24001,trap,1.9952623149688784,0.2940517952918111,0.45107301234866704,-12.91506311837242,3.7164601762290173,8.004058534849323,70.87790697709289,-0.008166829057110192,7.957341037714382,-63.28299338534357,-87.24715629792527,23.9641629125817,resolved,resolved,adaptive_analog_not_48k,0.001646379276245961,0.0016255296300339073,-4.177522672978565e-05,2.821725431531699,1.992337283331888,0.642191030795984,1.536870594800122,-0.007684353245423598,-0.6347464159386761,0.642191030795984,0.2110008165690754,0.20213989740635732,0.0013350313904944876,0.2110008165690321,0.009397493688616424,-0.0014160643816010462,0.000596250086628757,drifting
GCOT-PP-04__refined__f20__m30dBV,GCOT-PP-04,00s,netlists/GCOT-PP-04__refined__f20__m30dBV.cir,logs/GCOT-PP-04__refined__f20__m30dBV.log,diagnostic-waveforms.npz,GCOT-PP-04__refined__f20__m30dBV,refined,20,-30,200,8,1.0,1.5,1.0416666666666666e-05,48001,trap,0.03162277660168378,0.0023059029067718038,0.00938117058630896,-10.554859335925375,12.18832032858683,2.7358766946863144e-08,2.583713140365421e-08,-0.07978199372062633,-1.0349823184454987,-56.054334542739355,-70.40066239986272,14.34632785712337,resolved,resolved,adaptive_analog_not_48k,5.606552314359191e-05,5.584186539097223e-05,2.671162590496895e-05,0.04472135721339166,0.0032052147034050023,0.01335252178968553,-3.027775180982317e-12,-1.7080382696275775e-13,-0.01323986833775672,0.01335252178968553,0.0015457524739742445,0.0008339637634356439,0.00016752916838285332,0.0015457524739820787,0.0001465843684745599,-2.1842533060090422e-08,3.2126962595022314e-07,drifting
GCOT-PP-04__refined__f20__p6dBV,GCOT-PP-04,00s,netlists/GCOT-PP-04__refined__f20__p6dBV.cir,logs/GCOT-PP-04__refined__f20__p6dBV.log,diagnostic-waveforms.npz,GCOT-PP-04__refined__f20__p6dBV,refined,20,6,200,8,1.0,1.5,1.0416666666666666e-05,48001,trap,1.9952623149688817,0.04833562331166129,0.6230013421544232,-10.110220354468883,22.20443317740728,0.0014164587257698205,0.058469335107292075,-0.5244209751771187,-11.05109516726595,-51.25322825753177,-59.37982733366027,8.126599076128507,resolved,resolved,adaptive_analog_not_48k,0.003706686270174969,0.003692546911572117,0.0017698729577179776,2.821726952377341,0.06279128275104107,0.8873272116038051,3.924370314592118e-05,-1.9634948871645168e-07,-0.8798557963074569,0.8873272116038051,0.1025127244417531,0.05529807638133922,0.011076596891133248,0.10251272444120593,0.00973463358107738,-1.7786704504413838e-06,0.00022941886444829607,drifting
GCOT-PP-04__refined__f1000__m30dBV,GCOT-PP-04,00s,netlists/GCOT-PP-04__refined__f1000__m30dBV.cir,logs/GCOT-PP-04__refined__f1000__m30dBV.log,diagnostic-waveforms.npz,GCOT-PP-04__refined__f1000__m30dBV,refined,1000,-30,200,8,0.04,0.05,1.953125e-06,5132,trap,0.03162277660168379,0.0023059028893932217,0.009381399496716403,-10.554647393688533,12.18853233628543,6.315538735118666e-08,8.661027133414032e-07,-0.07978288285279689,-1.034983273039428,-56.05471383759422,-70.40146509780064,14.346751260206418,resolved,resolved,adaptive_analog_not_48k,3.32432223730536e-08,3.645495827694288e-08,2.264982427901516e-08,0.044721354088659224,0.003205214505161001,0.013285203628089754,-8.999398659791762e-10,-5.0217269579434406e-11,-0.01328512504210259,0.013285203628089754,2.5269156889922123e-05,1.2637669267847901e-05,2.181660533475954e-09,2.5269156889958817e-05,0.00014658436856145293,-4.659522314959023e-09,3.2100314227030213e-07,within_thresholds
GCOT-PP-04__refined__f1000__p6dBV,GCOT-PP-04,00s,netlists/GCOT-PP-04__refined__f1000__p6dBV.cir,logs/GCOT-PP-04__refined__f1000__p6dBV.log,diagnostic-waveforms.npz,GCOT-PP-04__refined__f1000__p6dBV,refined,1000,6,200,8,0.04,0.05,1.953125e-06,5439,trap,1.9952623149688815,0.04833497717061319,0.6230167420377717,-10.110005651827068,22.20476399207915,9.960303113824084e-09,4.1115999037248946e-07,-0.5244246247142623,-11.051214928833149,-51.25374369068023,-59.381008919942786,8.127265229262555,resolved,resolved,adaptive_analog_not_48k,2.405687094426091e-06,2.4129096484733822e-06,1.23792582171998e-05,2.8217270211563896,0.06278735294796367,0.882863279407285,1.7047726454966867e-08,-2.1390235534761637e-10,-0.8828582148998261,0.882863279407285,0.0016769262260436654,0.000838611982886816,1.4452888397625816e-07,0.0016769262260461532,0.00973463668899135,4.8310703827007455e-09,0.00022930360353162378,within_thresholds
GCOT-PP-04__refined__f20000__m30dBV,GCOT-PP-04,00s,netlists/GCOT-PP-04__refined__f20000__m30dBV.cir,logs/GCOT-PP-04__refined__f20000__m30dBV.log,diagnostic-waveforms.npz,GCOT-PP-04__refined__f20000__m30dBV,refined,20000,-30,200,8,0.04,0.0405,9.765625e-08,5137,trap,0.0316227766016838,0.002305902887345308,0.00938139958836028,-10.554647308838874,12.188532428849184,4.770235638715905e-08,6.54182327398871e-07,-0.0797828834538663,-1.0349832813545916,-56.05471486638006,-70.401473517165,14.346758650784942,resolved,resolved,adaptive_analog_not_48k,-1.3838797219831324e-09,1.624853176752686e-09,1.4570858263200862e-08,0.04472135572371147,0.0032052146097962184,0.01328516678904084,-8.385644798065991e-10,-4.709780704501619e-11,-0.013285163522206371,0.01328516678904084,1.263356744969754e-06,6.318287155096126e-07,4.852158433809001e-12,1.263356744974712e-06,0.00014658436857169243,1.6600125874582966e-10,3.209947006850727e-07,within_thresholds
GCOT-PP-04__refined__f20000__p6dBV,GCOT-PP-04,00s,netlists/GCOT-PP-04__refined__f20000__p6dBV.cir,logs/GCOT-PP-04__refined__f20000__p6dBV.log,diagnostic-waveforms.npz,GCOT-PP-04__refined__f20000__p6dBV,refined,20000,6,200,8,0.04,0.0405,9.765625e-08,5461,trap,1.9952623149688795,0.04833497760511033,0.623016747941264,-10.110005569522556,22.204763996303676,-6.098078868805323e-07,-2.5172799519801993e-05,-0.5244246227701836,-11.051214848809083,-51.25374286035778,-59.38100540074943,8.127262540391648,resolved,resolved,adaptive_analog_not_48k,9.502778445266157e-08,1.0880684709973947e-07,1.1838725319892454e-05,2.82172630797276,0.06278734374501749,0.8828605760888508,-2.217502087720943e-09,-2.057525316608403e-10,-0.8828603609067767,0.8828605760888508,8.383922686037533e-05,4.192687977539721e-05,3.2810899621727055e-10,8.383922686076148e-05,0.009734636686818869,5.335643158824787e-10,0.00022930809922943585,within_thresholds
GCOT-PP-04__gear__f20__p6dBV,GCOT-PP-04,00s,netlists/GCOT-PP-04__gear__f20__p6dBV.cir,logs/GCOT-PP-04__gear__f20__p6dBV.log,diagnostic-waveforms.npz,GCOT-PP-04__gear__f20__p6dBV,gear,20,6,200,8,1.0,1.5,2.0833333333333333e-05,24001,gear,1.9952623149688804,0.04833562403278172,0.6230013419865659,-10.110220356809144,22.204433045482006,0.0014165620470526163,0.058473474828471116,-0.5244209728368574,-11.051095035340674,-51.25322832703857,-59.37982621522909,8.126597888190517,resolved,resolved,adaptive_analog_not_48k,0.0037066699340615665,0.0036925533231879485,0.0017698337422532814,2.8217267384020075,0.06279126610506669,0.8873271294969942,3.923742119719321e-05,-1.9671397988996087e-07,-0.8798557413111525,0.8873271294969942,0.10251250863621408,0.05529877341756866,0.011076427569285952,0.10251250863638584,0.009734633577489146,-1.7787984032218138e-06,0.00022942065011762448,drifting
GCOT-PP-04__gear__f1000__p6dBV,GCOT-PP-04,00s,netlists/GCOT-PP-04__gear__f1000__p6dBV.cir,logs/GCOT-PP-04__gear__f1000__p6dBV.log,diagnostic-waveforms.npz,GCOT-PP-04__gear__f1000__p6dBV,gear,1000,6,200,8,0.04,0.05,3.90625e-06,3349,gear,1.9952623149688804,0.04833496597986007,0.6230167456206729,-10.110005601875462,22.204766053031143,4.446871871141297e-07,1.8356771672198914e-05,-0.5244246746658678,-11.051216989785141,-51.25376783297086,-59.38112463049734,8.127356797526481,resolved,resolved,adaptive_analog_not_48k,2.4067807040345863e-06,2.424973004358909e-06,1.2380164034126854e-05,2.821726966566589,0.06278735297068305,0.8828628851056386,1.310964406848868e-08,-1.9002274799542648e-10,-0.8828584235811223,0.8828628851056386,0.0016766059405827999,0.0008384424157971022,1.3250806817756425e-07,0.0016766059405828558,0.00973463674494512,-7.407974622985837e-08,0.00022931326694706353,within_thresholds
GCOT-PP-04__load4__f20__p6dBV,GCOT-PP-04,00s,netlists/GCOT-PP-04__load4__f20__p6dBV.cir,logs/GCOT-PP-04__load4__f20__p6dBV.log,diagnostic-waveforms.npz,GCOT-PP-04__load4__f20__p6dBV,load4,20,6,200,4,1.0,1.5,2.0833333333333333e-05,24001,trap,1.995262314968881,0.048335623759958334,0.6230013420232484,-10.110220356297717,22.204433095019667,0.0014164853651026776,0.058470394420917095,-0.5244209733482847,-11.051095084878336,-51.2532284593712,-59.37982631105167,8.126597851680472,resolved,resolved,adaptive_analog_not_48k,0.0037066836644841267,0.003692549941406095,0.0017698594910892326,2.8217250220885837,0.06279127436388698,0.8873265772643709,3.9242238803541504e-05,-1.964395407482535e-07,-0.8798552148701411,0.8873265772643709,0.10251265052874703,0.05529831221670918,0.011076545638570535,0.10251265052911503,0.009734633578840338,-1.777120920534583e-06,0.00022941942482181403,drifting
GCOT-PP-04__load1000__f20__p6dBV,GCOT-PP-04,00s,netlists/GCOT-PP-04__load1000__f20__p6dBV.cir,logs/GCOT-PP-04__load1000__f20__p6dBV.log,diagnostic-waveforms.npz,GCOT-PP-04__load1000__f20__p6dBV,load1000,20,6,200,1000,1.0,1.5,2.0833333333333333e-05,24001,trap,1.995262314968881,0.048335623759958334,0.6230013420232484,-10.110220356297717,22.204433095019667,0.0014164853651026776,0.058470394420917095,-0.5244209733482847,-11.051095084878336,-51.2532284593712,-59.37982631105167,8.126597851680472,resolved,resolved,adaptive_analog_not_48k,0.0037066836644841267,0.003692549941406095,0.0017698594910892326,2.8217250220885837,0.06279127436388698,0.8873265772643709,3.9242238803541504e-05,-1.964395407482535e-07,-0.8798552148701411,0.8873265772643709,0.10251265052874703,0.05529831221670918,0.011076545638570535,0.10251265052911503,0.009734633578840338,-1.777120920534583e-06,0.00022941942482181403,drifting
GCOT-PP-04__rs20__f20__p6dBV,GCOT-PP-04,00s,netlists/GCOT-PP-04__rs20__f20__p6dBV.cir,logs/GCOT-PP-04__rs20__f20__p6dBV.log,diagnostic-waveforms.npz,GCOT-PP-04__rs20__f20__p6dBV,rs20,20,6,20,8,1.0,1.5,2.0833333333333333e-05,24001,trap,1.9952623149688804,0.8889715806616131,4.842284927132886,7.701006807611579,14.723249261078486,24.823390654900866,70.43730698826778,-3.1094166936792043,-3.5699112509371673,-10.882225129247377,-20.151615847895762,9.269390718648385,resolved,resolved,adaptive_analog_not_48k,-3.837456531318436e-05,-8.098007641182974e-07,-0.0014005492494698394,2.8217247818245372,2.092858575537284,8.337313899270299,0.0001021479605888419,-5.109184178543748e-06,-8.336756409751615,8.337313899270299,0.31244783180712227,1.558292137937602e-05,-2.0215411749524933e-06,0.3124478318071231,0.07566254118629828,1.868513778505146e-06,0.09674554112895586,drifting
GCOT-PP-04__rs2000__f20__p6dBV,GCOT-PP-04,00s,netlists/GCOT-PP-04__rs2000__f20__p6dBV.cir,logs/GCOT-PP-04__rs2000__f20__p6dBV.log,diagnostic-waveforms.npz,GCOT-PP-04__rs2000__f20__p6dBV,rs2000,20,6,2000,8,1.0,1.5,2.0833333333333333e-05,24001,trap,1.9952623149688804,0.011023626708895493,0.06349408812003449,-29.94533419223032,15.208175840249927,3.520977751425248e-08,5.638880416122378e-07,-0.02850225722241362,-4.054837830108536,-68.85629385309676,-79.4358919904221,10.579598137325348,resolved,resolved,adaptive_analog_not_48k,0.0003796384298183812,0.00037812676742473206,0.0001808283033661164,2.8217264612578488,0.01479041110879642,0.09027804367565374,-7.746265382122077e-10,-4.38581893722641e-11,-0.08951523412804326,0.09027804367565374,0.010466818360500648,0.00564718105827093,0.0011343743498573075,0.010466818360556625,0.0009921193441299924,-2.1854616083276732e-08,1.2375311641903973e-06,drifting
GCOT-PP-04__late5__f20__m30dBV,GCOT-PP-04,00s,netlists/GCOT-PP-04__late5__f20__m30dBV.cir,logs/GCOT-PP-04__late5__f20__m30dBV.log,diagnostic-waveforms.npz,GCOT-PP-04__late5__f20__m30dBV,late5,20,-30,200,8,5,5.5,2.0833333333333333e-05,24001,trap,0.03162277660168386,0.0023059029201132463,0.009381162135411085,-10.554867160492565,12.188312453765036,4.3005356657744e-07,4.4099641432705033e-07,-0.0797741691534366,-1.034974443623705,-56.05265191865236,-70.3953884844087,14.34273656575634,resolved,resolved,adaptive_analog_not_48k,0.0008473860991346756,0.0008440056982542311,0.00026287874713769636,0.044721337468049474,0.003205213440500187,0.014247947785447058,-2.8022844223977353e-11,-1.6171416584083342e-12,-0.012545277723331118,0.014247947785447058,0.010031953524890927,0.008211440569078568,0.0025320439350619453,0.01003195352525328,0.00014658436840785306,-3.2962665520343043e-07,3.3202272083108443e-07,drifting
GCOT-PP-04__late5__f20__p6dBV,GCOT-PP-04,00s,netlists/GCOT-PP-04__late5__f20__p6dBV.cir,logs/GCOT-PP-04__late5__f20__p6dBV.log,diagnostic-waveforms.npz,GCOT-PP-04__late5__f20__p6dBV,late5,20,6,200,8,5,5.5,2.0833333333333333e-05,24001,trap,1.9952623149688749,0.11656315123960596,0.6218840548743814,-10.125811567342495,14.542962834585495,3.0382211360908773,65.1294537294233,-0.5088297623035061,-3.389624824444164,-46.93857814642047,-59.25742393959419,12.318845793173722,resolved,resolved,adaptive_analog_not_48k,0.0017443784009666928,0.001715400604835221,-0.0002434056503296042,2.8217250220768344,0.3641910097337182,0.8984620334326205,0.11956896589082645,-0.0005978450577946434,-0.8664250600724419,0.8984620334326205,0.25047478279116453,0.20637114324352726,0.0051870909389700945,0.250474782791652,0.009717174353073553,-0.002374868949630354,0.0016529401626499674,drifting
GCOT-PP-04__late20__f20__m30dBV,GCOT-PP-04,00s,netlists/GCOT-PP-04__late20__f20__m30dBV.cir,logs/GCOT-PP-04__late20__f20__m30dBV.log,diagnostic-waveforms.npz,GCOT-PP-04__late20__f20__m30dBV,late20,20,-30,200,8,20,20.5,2.0833333333333333e-05,24001,trap,0.03162277660168383,0.0077407559197034395,0.009543975928967906,-10.405413293564013,1.8189192350885852,14.082285864723934,83.71971484255971,-0.22922803608198805,9.334418775052747,-79.01460507571352,-84.06909050467436,5.054485428960845,resolved,resolved,adaptive_analog_not_48k,0.0005419396636081323,0.0005396062945945384,-2.0139768672645844e-05,0.0447213374659548,0.5611929126471715,0.014072027310236615,0.5381590203709989,-0.0026907951035860765,-0.01294885685424274,0.014072027310236615,0.2666575573593073,0.26529600583215057,0.0016192357168845933,0.26665755735994834,0.000149128236697742,-0.008460780861585566,2.848093456594213e-05,drifting
GCOT-PP-04__late20__f20__p6dBV,GCOT-PP-04,00s,netlists/GCOT-PP-04__late20__f20__p6dBV.cir,logs/GCOT-PP-04__late20__f20__p6dBV.log,diagnostic-waveforms.npz,GCOT-PP-04__late20__f20__p6dBV,late20,20,6,200,8,20,20.5,2.0833333333333333e-05,24001,trap,1.9952623149688802,0.6207254356863497,0.5890707432164769,-10.596650927903347,-0.4546417676845015,18.048517879080148,84.80596145297609,-0.037990401742654,11.607979777825832,-38.136865516907214,-69.40831476827731,31.271449251370093,resolved,resolved,adaptive_analog_not_48k,0.0004524343196376317,0.00031130873230661215,4.560234603560303e-07,2.8217250222401145,1.9864327707817289,0.9032904004419426,0.8643221632596859,-0.004321611044606254,-0.7799887044761713,0.9032904004419426,0.31130746151062955,0.2714100304599451,0.0011923282942536099,0.3113074615114727,0.009204454039627405,-0.012958896321003647,0.0015839988125746728,drifting
GCSYMETRICAL__refined__f20__m30dBV,GCSYMETRICAL,Symmetric,netlists/GCSYMETRICAL__refined__f20__m30dBV.cir,logs/GCSYMETRICAL__refined__f20__m30dBV.log,diagnostic-waveforms.npz,GCSYMETRICAL__refined__f20__m30dBV,refined,20,-30,200,8,1.0,1.5,1.0416666666666666e-05,48001,trap,0.03162277660168378,0.000710971515790384,0.01544930930262774,-6.221818639038821,26.74113732900606,0.0001591360704773453,0.00015913607047812677,0.0009562848858042372,0.0009562707322743336,-88.58544268112172,-93.01304897038527,4.427606289263551,resolved,resolved,adaptive_analog_not_48k,0.003337117915939032,0.003168328037405798,0.003682200871387157,0.044721357242755395,0.0010054655074439277,0.026960275682664125,-8.255990156711042e-13,-1.7947807421134618e-13,-0.019892071429388734,0.026960275682664125,0.012675862049980273,0.007517967831517246,0.008172385214148542,0.012675862049803008,0.00015455902542946704,-0.00012978628028784836,1.4180038414114481e-05,drifting
GCSYMETRICAL__refined__f20__p6dBV,GCSYMETRICAL,Symmetric,netlists/GCSYMETRICAL__refined__f20__p6dBV.cir,logs/GCSYMETRICAL__refined__f20__p6dBV.log,diagnostic-waveforms.npz,GCSYMETRICAL__refined__f20__p6dBV,refined,20,6,200,8,1.0,1.5,1.0416666666666666e-05,48001,trap,1.9952623149688795,0.04484094380083843,0.9747946764132616,-6.221737025336287,26.744768075873818,0.00015923949972657762,0.00016225813899953134,0.0008746711832703369,-0.0026744761354819957,-87.69344305689557,-93.18763850533286,5.4941954484372815,resolved,resolved,adaptive_analog_not_48k,0.21055963872086136,0.1999096360382272,0.23233303250699555,2.821726869904705,0.06340244300013831,1.7011000871041255,2.660765143020717e-09,-2.5751146980718696e-11,-1.2551229079757453,1.7011000871041255,0.7997993560790495,0.47435561835890144,0.515646800953139,0.7997993560707508,0.00975210685584021,-0.00012978428328529673,0.0008947049002553925,drifting
GCSYMETRICAL__refined__f1000__m30dBV,GCSYMETRICAL,Symmetric,netlists/GCSYMETRICAL__refined__f1000__m30dBV.cir,logs/GCSYMETRICAL__refined__f1000__m30dBV.log,diagnostic-waveforms.npz,GCSYMETRICAL__refined__f1000__m30dBV,refined,1000,-30,200,8,0.04,0.05,1.953125e-06,5121,trap,0.031622776601683826,0.0007109715157906434,0.015455900585450448,-6.21811368726878,26.744842280772943,2.1148440711309687e-13,4.632876275507626e-13,-3.8266723123570046e-10,-1.4533036107877706e-08,-215.50270375828322,-237.34623729688985,21.843533538606636,below_reporting_floor,below_reporting_floor,adaptive_analog_not_48k,7.821659356051072e-07,7.840478777030805e-07,1.748124633547688e-07,0.04472111553947789,0.001005460073254947,0.021858683352131675,-8.732065434410846e-11,-1.8982750925632492e-11,-0.021857115176379442,0.021858683352131675,3.4894162013681105e-05,1.7483226999204575e-05,3.920081971648339e-08,3.4894162013649446e-05,0.00015455902542946574,-5.785964799319724e-15,2.7229031105631373e-13,drifting
GCSYMETRICAL__refined__f1000__p6dBV,GCSYMETRICAL,Symmetric,netlists/GCSYMETRICAL__refined__f1000__p6dBV.cir,logs/GCSYMETRICAL__refined__f1000__p6dBV.log,diagnostic-waveforms.npz,GCSYMETRICAL__refined__f1000__p6dBV,refined,1000,6,200,8,0.04,0.05,1.953125e-06,5121,trap,1.9952623149688793,0.04484094454294573,0.9752105617021487,-6.218032077569449,26.748472879891185,-1.6703963385766375e-11,-7.614968199826818e-10,-8.16100819989174e-05,-0.0036306136512784803,-107.9078239652932,-127.04081182979695,19.132987864503747,resolved,below_reporting_floor,adaptive_analog_not_48k,4.896594124513785e-05,4.9470785931017036e-05,1.1029277469659393e-05,2.8216846123457118,0.06340148934408574,1.3791955463089973,-2.3270255771115162e-08,-5.0587513355914684e-09,-1.3790966033859418,1.3791955463089973,0.002201679837746863,0.0011031869957244312,2.4733027479329573e-06,0.002201679837744764,0.009752106852129667,-7.618186985771e-14,3.3214688911163455e-09,drifting
GCSYMETRICAL__refined__f20000__m30dBV,GCSYMETRICAL,Symmetric,netlists/GCSYMETRICAL__refined__f20000__m30dBV.cir,logs/GCSYMETRICAL__refined__f20000__m30dBV.log,diagnostic-waveforms.npz,GCSYMETRICAL__refined__f20000__m30dBV,refined,20000,-30,200,8,0.04,0.0405,9.765625e-08,5121,trap,0.03162277660168371,0.0007109715157906417,0.015455902538052882,-6.218112589947498,26.744843378094217,4.957786809455052e-15,2.807374045924445e-13,-3.255307134963914e-10,-1.44758907083542e-08,-215.88308252962702,-234.92200730631143,19.03892477668441,below_reporting_floor,below_reporting_floor,adaptive_analog_not_48k,2.1203995336610662e-08,3.5052250193138456e-08,4.365432953906282e-10,0.044721108657157796,0.0010054599185204856,0.02185785960014753,-6.370198062203278e-10,-1.384825665953264e-10,-0.021857789495617973,0.02185785960014753,1.742934514534481e-06,8.73334253551858e-07,8.761818407060044e-11,1.742934514623589e-06,0.00015455902542946539,-1.9286549331065747e-15,6.296228027698201e-15,within_thresholds
GCSYMETRICAL__refined__f20000__p6dBV,GCSYMETRICAL,Symmetric,netlists/GCSYMETRICAL__refined__f20000__p6dBV.cir,logs/GCSYMETRICAL__refined__f20000__p6dBV.log,diagnostic-waveforms.npz,GCSYMETRICAL__refined__f20000__p6dBV,refined,20000,6,200,8,0.04,0.0405,9.765625e-08,5121,trap,1.995262314968878,0.044840944558795094,0.9752106848962692,-6.218030980318748,26.74847397407179,-1.496187071380751e-10,-6.657426022178309e-09,-8.1609954280637e-05,-0.0036306104534631345,-107.90783731944252,-127.04080686611114,19.13296954666862,resolved,below_reporting_floor,adaptive_analog_not_48k,1.525547254748827e-06,2.211665373683244e-06,2.7422928474568295e-08,2.8217001386583282,0.06340183758160212,1.3791513734709508,-3.156143564116012e-08,-6.861181742946659e-09,-1.3791469501364442,1.3791513734709508,0.00010997241566956819,5.5103228992892e-05,5.5284676497216985e-09,0.00010997241567520031,0.009752106852050415,-3.664444372902498e-14,3.3166407294918344e-09,within_thresholds
GCSYMETRICAL__gear__f20__p6dBV,GCSYMETRICAL,Symmetric,netlists/GCSYMETRICAL__gear__f20__p6dBV.cir,logs/GCSYMETRICAL__gear__f20__p6dBV.log,diagnostic-waveforms.npz,GCSYMETRICAL__gear__f20__p6dBV,gear,20,6,200,8,1.0,1.5,2.0833333333333333e-05,24001,gear,1.9952623149688793,0.044840943941882885,0.9747946693030667,-6.221737088691544,26.744767985197626,0.00016450081395304967,0.0001675196808916458,0.0008747345385273775,-0.0026743854592901073,-87.6927440305254,-93.18698237336564,5.494238342840234,resolved,resolved,adaptive_analog_not_48k,0.2105619301557487,0.19991245150048922,0.2323291488811712,2.8217266998101844,0.06340243917354549,1.7010991753562976,4.112399306608457e-10,-5.147623110584811e-10,-1.2551225599547906,1.7010991753562976,0.7997976329248955,0.474362352057652,0.5156383051152515,0.7997976329279411,0.009752106855134989,-0.00012981699971659016,0.0008946355973750911,drifting
GCSYMETRICAL__gear__f1000__p6dBV,GCSYMETRICAL,Symmetric,netlists/GCSYMETRICAL__gear__f1000__p6dBV.cir,logs/GCSYMETRICAL__gear__f1000__p6dBV.log,diagnostic-waveforms.npz,GCSYMETRICAL__gear__f1000__p6dBV,gear,1000,6,200,8,0.04,0.05,3.90625e-06,2959,gear,1.9952623149688793,0.04484094467576884,0.9752105616739398,-6.218032077820696,26.748472853911508,-4.0300905759607645e-11,2.027871450419677e-11,-8.160983075189421e-05,-0.003630587671601404,-107.90797648759798,-127.04262783292569,19.13465134532771,resolved,below_reporting_floor,adaptive_analog_not_48k,4.860204183305757e-05,4.946239922820373e-05,1.1026696506499285e-05,2.821724634141154,0.06340238701016276,1.379208315371673,-3.9627170578080627e-08,-8.61380961955491e-09,-1.3791150704724806,1.379208315371673,0.0022012714256287205,0.001103025738447076,2.4576204780106603e-06,0.002201271425626472,0.009752106851465553,5.692617900538709e-11,3.3703011173596244e-09,drifting
GCSYMETRICAL__load4__f20__p6dBV,GCSYMETRICAL,Symmetric,netlists/GCSYMETRICAL__load4__f20__p6dBV.cir,logs/GCSYMETRICAL__load4__f20__p6dBV.log,diagnostic-waveforms.npz,GCSYMETRICAL__load4__f20__p6dBV,load4,20,6,200,4,1.0,1.5,2.0833333333333333e-05,24001,trap,1.9952623149688815,0.04484094394186654,0.9747946719983346,-6.22173706467542,26.744768009216923,0.00016209240037727682,0.0001651114642668893,0.000874710522403177,-0.002674409478586881,-87.69305961008232,-93.18730233819899,5.494242728116674,resolved,resolved,adaptive_analog_not_48k,0.21056104290509745,0.19991130774922153,0.2323310954921668,2.8217246165559713,0.06340239243735568,1.7010999143956664,1.8489261368413392e-09,-2.0223986989098324e-10,-1.2551231822345872,1.7010999143956664,0.7997989956229269,0.47435961383346653,0.5156425689089839,0.7997989956218926,0.00975210685513507,-0.00012979076413426643,0.0008946679916666056,drifting
GCSYMETRICAL__load1000__f20__p6dBV,GCSYMETRICAL,Symmetric,netlists/GCSYMETRICAL__load1000__f20__p6dBV.cir,logs/GCSYMETRICAL__load1000__f20__p6dBV.log,diagnostic-waveforms.npz,GCSYMETRICAL__load1000__f20__p6dBV,load1000,20,6,200,1000,1.0,1.5,2.0833333333333333e-05,24001,trap,1.9952623149688815,0.044840943941866815,0.9747946719983343,-6.221737064675422,26.744768009216866,0.00016209240043620903,0.0001651114668037024,0.0008747105224058416,-0.0026744094785300376,-87.69305960995578,-93.18730233790454,5.494242727948759,resolved,resolved,adaptive_analog_not_48k,0.2105610429050981,0.199911307749223,0.23233109549216635,2.8217246165559713,0.06340239243735568,1.7010999143956664,1.8489247607432273e-09,-2.0223986295194452e-10,-1.2551231822345872,1.7010999143956664,0.7997989956229269,0.4743596138334664,0.5156425689089841,0.7997989956218926,0.009752106855135072,-0.00012979076412848037,0.0008946679916665301,drifting
GCSYMETRICAL__rs20__f20__p6dBV,GCSYMETRICAL,Symmetric,netlists/GCSYMETRICAL__rs20__f20__p6dBV.cir,logs/GCSYMETRICAL__rs20__f20__p6dBV.log,diagnostic-waveforms.npz,GCSYMETRICAL__rs20__f20__p6dBV,rs20,20,6,20,8,1.0,1.5,2.0833333333333333e-05,24001,trap,1.9952623149688824,0.49618627884769645,7.953146480790887,12.010779626958655,24.09788461780049,9.267571243801301,40.3604418625763,0.1677684643435704,2.6442089819378403,-20.521631362151606,-31.58251164510805,11.060880282956443,resolved,resolved,adaptive_analog_not_48k,0.02850050752033624,0.014527573251518475,-0.0011643018954744983,2.8217252120705316,1.833542941203318,13.158721986220725,0.21005008790164326,-0.010502505838817748,-11.025017832440478,13.158721986220725,1.5811454417503248,1.1344345171432757,0.05717548637509122,1.581145441750617,0.07955657022881192,-0.1820705145664027,0.3455096900903199,drifting
GCSYMETRICAL__rs2000__f20__p6dBV,GCSYMETRICAL,Symmetric,netlists/GCSYMETRICAL__rs2000__f20__p6dBV.cir,logs/GCSYMETRICAL__rs2000__f20__p6dBV.log,diagnostic-waveforms.npz,GCSYMETRICAL__rs2000__f20__p6dBV,rs2000,20,6,2000,8,1.0,1.5,2.0833333333333333e-05,24001,trap,1.995262314968881,0.004578570573725411,0.09949172726935168,-26.04426058621862,26.741141158676257,0.0001609039287262918,0.00016090392934424113,0.0009562991529321607,0.0009524410616847945,-88.58509364449591,-93.01288938221857,4.427795737722661,resolved,resolved,adaptive_analog_not_48k,0.021490730898921374,0.0204037608401402,0.023712812441174055,2.8217258130288085,0.006475072458137721,0.17362095048212095,-4.431209138345974e-11,-9.633063512230482e-12,-0.1281026248741658,0.17362095048212095,0.08163101933428087,0.04841506990353983,0.05262891953939369,0.08163101933404081,0.0009953418721975785,-0.0001297808424826263,9.131542601300024e-05,drifting
GCSYMETRICAL__late5__f20__m30dBV,GCSYMETRICAL,Symmetric,netlists/GCSYMETRICAL__late5__f20__m30dBV.cir,logs/GCSYMETRICAL__late5__f20__m30dBV.log,diagnostic-waveforms.npz,GCSYMETRICAL__late5__f20__m30dBV,late5,20,-30,200,8,5,5.5,2.0833333333333333e-05,24001,trap,0.03162277660168372,0.02813545987933524,0.007083134375669711,-12.99549038058369,-11.980570744029126,62.82792222626584,89.44820983812036,6.774628026430673,38.72266434376746,-55.46151227843701,-61.154248122744825,5.692735844307812,resolved,resolved,adaptive_analog_not_48k,0.006837406093951592,0.00673431142655474,-0.0016273875215443569,0.04472132173980093,7.359956250549386,0.0187017422723949,6.542019796456602,-0.03271009898517184,-0.0033188969976038693,0.0187017422723949,1.6711847366935402,1.663160085888634,0.016989379530676522,1.6711847366940855,7.085020689862718e-05,-0.8462554349027419,0.0004419036553566813,drifting
GCSYMETRICAL__late5__f20__p6dBV,GCSYMETRICAL,Symmetric,netlists/GCSYMETRICAL__late5__f20__p6dBV.cir,logs/GCSYMETRICAL__late5__f20__p6dBV.log,diagnostic-waveforms.npz,GCSYMETRICAL__late5__f20__p6dBV,late5,20,6,200,8,5,5.5,2.0833333333333333e-05,24001,trap,1.9952623149688848,1.9252893414110002,0.25614596676793727,-17.830249561258917,-17.520169692023295,74.7775138394065,89.6596093832616,11.6093872071059,44.26226329176163,-44.6977454182067,-61.18711155326808,16.48936613506138,resolved,resolved,adaptive_analog_not_48k,0.004082581819406176,0.0031629699198510958,-0.0006524854003325005,2.8217246165430883,16.274267529536345,0.41201096458641473,12.782891761782192,-0.0639144590015219,-0.36469086579345344,0.41201096458641473,1.7247613546365064,1.7076934467620983,0.009289821399422945,1.72476135463724,0.0025622692676129004,-0.5271097270081173,0.009382727848387978,drifting
GCSYMETRICAL__late20__f20__m30dBV,GCSYMETRICAL,Symmetric,netlists/GCSYMETRICAL__late20__f20__m30dBV.cir,logs/GCSYMETRICAL__late20__f20__m30dBV.log,diagnostic-waveforms.npz,GCSYMETRICAL__late20__f20__m30dBV,late20,20,-30,200,8,20,20.5,2.0833333333333333e-05,24003,trap,0.031622776601683764,0.03156458037069773,0.0009575794640830214,-30.376503524611373,-30.360503925740826,86.52275154871728,89.99595819213548,24.155641170458356,57.10259752547916,-69.25548734121348,-74.36564070019556,5.110153358982075,resolved,resolved,adaptive_analog_not_48k,0.0008812562313782667,0.0008810288876631905,-2.4746123786756348e-05,0.04472135022126572,60.37688138870235,0.002267676828363041,59.47130372899579,-0.297356518639009,-0.00047949753426423936,0.002267676828363041,1.8171917961737794,1.816098662926034,0.0022029081999192833,1.817191796177548,9.578819355913066e-06,-0.12599270583927932,7.997122650877722e-06,drifting
GCSYMETRICAL__late20__f20__p6dBV,GCSYMETRICAL,Symmetric,netlists/GCSYMETRICAL__late20__f20__p6dBV.cir,logs/GCSYMETRICAL__late20__f20__p6dBV.log,diagnostic-waveforms.npz,GCSYMETRICAL__late20__f20__p6dBV,late20,20,6,200,8,20,20.5,2.0833333333333333e-05,24001,trap,1.995262314968882,1.9922639541192588,0.05459671414268663,-31.256669883136382,-31.24360743058519,86.85852581565648,89.99667635043407,25.035807528983366,57.985701030323526,-68.36693305559308,-75.1143705751606,6.7474375195675265,resolved,resolved,adaptive_analog_not_48k,0.0008006439227126181,0.0007949707832619843,-2.1682112653496327e-05,2.8217246167221255,69.78417778972528,0.07925155290550157,66.18937277832772,-0.3309468640752075,-0.07717214726538635,0.07925155290550157,1.8276626742930444,1.8238069942754003,0.0019982496496610685,1.827662674297066,0.0005461399996841006,-0.1138776949944344,0.00041234334577128825,drifting
GCOT-SE-01__ddt_equivalent__f20__m30dBV,GCOT-SE-01,60s,netlists/GCOT-SE-01__ddt_equivalent__f20__m30dBV.cir,logs/GCOT-SE-01__ddt_equivalent__f20__m30dBV.log,diagnostic-waveforms.npz,GCOT-SE-01__ddt_equivalent__f20__m30dBV,ddt_equivalent,20,-30,200,8,1.0,1.5,2.0833333333333333e-05,24001,trap,0.031622776601683784,0.0012776795000573149,0.010923745819392728,-9.232568277052964,18.638993188171554,1.906603613846646e-07,3.3210640638316373e-07,-0.9082487188851953,-11.42995435651177,-46.66633015475426,-54.79423420744473,8.127904052690468,resolved,resolved,adaptive_analog_not_48k,0.00012905466547101087,0.00012811686958453833,6.935997388460027e-05,0.04472134197369929,0.0016597347720800348,0.01566099916250341,-3.783432080386649e-11,-1.2095262904291191e-12,-0.015400698845520422,0.01566099916250341,0.0068776595550694855,0.003868253782409824,0.0012595660006736748,0.0,0.00015172548550813238,-1.3798071853720672e-07,6.815681189961211e-06,drifting
GCOT-SE-01__ddt_equivalent__f20__p6dBV,GCOT-SE-01,60s,netlists/GCOT-SE-01__ddt_equivalent__f20__p6dBV.cir,logs/GCOT-SE-01__ddt_equivalent__f20__p6dBV.log,diagnostic-waveforms.npz,GCOT-SE-01__ddt_equivalent__f20__p6dBV,ddt_equivalent,20,6,200,8,1.0,1.5,2.0833333333333333e-05,24001,trap,1.9952623149688795,0.016553851163144933,0.7138482800776303,-8.92788165038042,32.69413742746442,0.32031038886094054,42.363087789772095,-1.2129353455577387,-25.485098595804637,-51.234391108273556,-63.26284931716894,12.028458208895387,resolved,resolved,adaptive_analog_not_48k,0.00513839274205483,0.005377288985561346,-0.0009427660411033779,2.8217267488340023,0.09363236714165168,1.020324419669464,0.008627680676572077,-4.313893428217749e-05,-1.0038178092977859,1.020324419669464,0.41363188162889014,0.23420542333993113,0.05124189019572201,0.0,0.009914998336303537,-0.0013985188757289872,0.0025547326258793922,drifting
GCOT-PP-03__ddt_equivalent__f20__m30dBV,GCOT-PP-03,80s,netlists/GCOT-PP-03__ddt_equivalent__f20__m30dBV.cir,logs/GCOT-PP-03__ddt_equivalent__f20__m30dBV.log,diagnostic-waveforms.npz,GCOT-PP-03__ddt_equivalent__f20__m30dBV,ddt_equivalent,20,-30,200,8,1.0,1.5,2.0833333333333333e-05,24001,trap,0.031622776601683826,0.0018626537824546633,0.007142323355863809,-12.923209835907592,11.674147390833141,7.750645715382053e-09,7.789760035519572e-09,-2.011152193759358e-05,-0.0003461768897423667,-121.99546037376821,-163.1340782744795,41.13861790071128,below_reporting_floor,below_reporting_floor,adaptive_analog_not_48k,2.5040879184141417e-05,2.4980231506946522e-05,1.1197490148422078e-05,0.04472135126113946,0.002634156792546409,0.010130649580110784,-8.462379186321664e-11,-6.760016042082326e-12,-0.010080425368318657,0.010130649580110784,0.00029663378641215374,0.00015599425476305393,2.037367787661366e-05,0.00029663378641220736,0.0001488006140961458,-4.764265635777929e-09,2.0402245380326566e-09,drifting
GCOT-PP-03__ddt_equivalent__f20__p6dBV,GCOT-PP-03,80s,netlists/GCOT-PP-03__ddt_equivalent__f20__p6dBV.cir,logs/GCOT-PP-03__ddt_equivalent__f20__p6dBV.log,diagnostic-waveforms.npz,GCOT-PP-03__ddt_equivalent__f20__p6dBV,ddt_equivalent,20,6,200,8,1.0,1.5,2.0833333333333333e-05,24001,trap,1.9952623149688808,0.10528721447947863,0.4535872847220027,-12.866782567861648,12.68570471272893,6.964195553276153e-06,0.00013185910990875198,-0.056447379567881484,-1.0119034987855304,-54.83732356157816,-75.31394468378826,20.476621122210105,resolved,resolved,adaptive_analog_not_48k,0.0015892097255589444,0.0015853435899840329,0.0007106558824863135,2.821726239940672,0.14446389987458952,0.6444293637991905,1.9243445008343384e-07,-1.0247512190811263e-09,-0.6412418124955366,0.6444293637991905,0.01882614680244026,0.009900123471351753,0.0012930193147416582,0.01882614680244234,0.009449875502448326,-7.182353404266951e-09,2.5609961051051585e-07,drifting
GCOT-PP-04__ddt_equivalent__f20__m30dBV,GCOT-PP-04,00s,netlists/GCOT-PP-04__ddt_equivalent__f20__m30dBV.cir,logs/GCOT-PP-04__ddt_equivalent__f20__m30dBV.log,diagnostic-waveforms.npz,GCOT-PP-04__ddt_equivalent__f20__m30dBV,ddt_equivalent,20,-30,200,8,1.0,1.5,2.0833333333333333e-05,24001,trap,0.03162277660168381,0.0023059029090677337,0.009381170585739453,-10.554859336452683,12.188320319411208,3.0937352145087434e-08,5.0386075103070125e-08,-0.07978199319331836,-1.0349823092698767,-56.054336172079076,-70.40064877441867,14.346312602339594,resolved,resolved,adaptive_analog_not_48k,5.6065541526462506e-05,5.584198045990049e-05,2.6711353476564908e-05,0.04472133746787341,0.00320521343926284,0.013352516157450367,-2.0273410088227157e-11,-1.6559008582829302e-12,-0.013239862181361417,0.013352516157450367,0.0015457515047166035,0.0008339709552357515,0.00016752771742083929,0.001545751504716696,0.00014658436846308045,-2.1481226558640905e-08,3.212735541794232e-07,drifting
GCOT-PP-04__ddt_equivalent__f20__p6dBV,GCOT-PP-04,00s,netlists/GCOT-PP-04__ddt_equivalent__f20__p6dBV.cir,logs/GCOT-PP-04__ddt_equivalent__f20__p6dBV.log,diagnostic-waveforms.npz,GCOT-PP-04__ddt_equivalent__f20__p6dBV,ddt_equivalent,20,6,200,8,1.0,1.5,2.0833333333333333e-05,24001,trap,1.99526231496888,0.04833562367257453,0.6230013420512011,-10.110220355907995,22.204433111112213,0.0014164846227441045,0.05847036388365551,-0.5244209737380068,-11.051095100970882,-51.25322835924125,-59.37982639215011,8.12659803290886,resolved,resolved,adaptive_analog_not_48k,0.0037066836328339685,0.003692549908697195,0.001769859492091582,2.821725022088095,0.06279127436372223,0.8873265772486434,3.9242301482184115e-05,-1.9643985410139369e-07,-0.8798552148780345,0.8873265772486434,0.10251265021395566,0.05529831194365586,0.011076545542726576,0.10251265021395864,0.009734633579277122,-1.7772129212510257e-06,0.00022941941460616138,drifting
GCSYMETRICAL__ddt_equivalent__f20__m30dBV,GCSYMETRICAL,Symmetric,netlists/GCSYMETRICAL__ddt_equivalent__f20__m30dBV.cir,logs/GCSYMETRICAL__ddt_equivalent__f20__m30dBV.log,diagnostic-waveforms.npz,GCSYMETRICAL__ddt_equivalent__f20__m30dBV,ddt_equivalent,20,-30,200,8,1.0,1.5,2.0833333333333333e-05,24001,trap,0.03162277660168382,0.0007109715157903947,0.01544930923368589,-6.221818677799227,26.74113729024554,0.00016199193307862787,0.00016199193327576852,0.0009563236462106772,0.0009563094927891314,-88.58501831449777,-93.01271185015355,4.427693535655777,resolved,resolved,adaptive_analog_not_48k,0.00333714019927262,0.003168354561215089,0.0036821701420130548,0.04472132173957105,0.0010054647092309077,0.026960272865172996,-1.3529843473065753e-11,-2.9412706284487922e-12,-0.0198920756845411,0.026960272865172996,0.01267585634545464,0.007518031224722234,0.008172318075792849,0.012675856345455596,0.00015455902542946704,-0.00012979279552332218,1.4179452850363993e-05,drifting
GCSYMETRICAL__ddt_equivalent__f20__p6dBV,GCSYMETRICAL,Symmetric,netlists/GCSYMETRICAL__ddt_equivalent__f20__p6dBV.cir,logs/GCSYMETRICAL__ddt_equivalent__f20__p6dBV.log,diagnostic-waveforms.npz,GCSYMETRICAL__ddt_equivalent__f20__p6dBV,ddt_equivalent,20,6,200,8,1.0,1.5,2.0833333333333333e-05,24001,trap,1.995262314968878,0.0448409439418662,0.9747946719983385,-6.22173706467537,26.744768009217026,0.00016209239725099002,0.00016511146236761795,0.000874710522353439,-0.002674409478697015,-87.69305960808697,-93.18730233679977,5.4942427287128055,resolved,resolved,adaptive_analog_not_48k,0.210561042888618,0.19991130773359206,0.23233109547503566,2.8217246165555614,0.06340239243737043,1.7010999143707295,1.8489264226746181e-09,-2.022398372959116e-10,-1.2551231822442332,1.7010999143707295,0.7997989955630513,0.4743596137941829,0.5156425688692231,0.7997989955630604,0.009752106855135062,-0.00012979076371188468,0.0008946679915866244,drifting
