# Measured by ngspice; finite observation windows, NOT assumed steady state.
# Pegel dBV = differential source RMS before Rs; primary level measured separately.
# Compression = 20 log10(abs(H_ac)/abs(H1)); negative = expansion.
# H3/H5 measured at native adaptive times, including harmonics > 24 kHz.
# Values <= -120 dBc are raw diagnostics, not resolved distortion.
# Model SHA256: 8b5c6ce4015c34abe57ef133063cf4afb1d049f30475c46d8f6b91e6cb0f37ca
case_id,model,stage,netlist,log,waveform_archive,waveform_key,tag,frequency_hz,source_dbv,source_resistance_ohm,load_ohm,tstart_s,tstop_s,max_step_s,native_samples,integration_method,source_h1_rms_v,primary_h1_rms_v,output_h1_rms_v,gain_source_db,gain_primary_db,phase_source_deg,phase_primary_deg,compression_source_db,compression_primary_db,h3_dbc,h5_dbc,h3_minus_h5_db,h3_status,h5_status,harmonics_basis,output_dc_mean_v,output_dc_fit_v,output_drift_v_per_window,source_peak_v,primary_peak_v,output_peak_v,primary_dc_mean_v,primary_current_dc_mean_a,output_min_v,output_max_v,cap1_peak_v,cap1_mean_v,cap1_drift_v_per_window,cap2_peak_v,primary_current_h1_rms_a,gain_early_late_db,output_residual_rms_v,window_stationarity
GCOT-PP-03__main__f20__m30dBV,GCOT-PP-03,80s,netlists/GCOT-PP-03__main__f20__m30dBV.cir,logs/GCOT-PP-03__main__f20__m30dBV.log,GCOT-PP-03-waveforms.npz,GCOT-PP-03__main__f20__m30dBV,main,20,-30,200,8,1.0,1.5,2.0833333333333333e-05,24001,trap,0.03162277660168381,0.0018626537824546644,0.007142323355862389,-12.923209835909315,11.674147390831411,7.75110759727633e-09,7.789814233203034e-09,-2.0111520214527445e-05,-0.00034617688801219515,-121.99546029696647,-163.134072613185,41.13861231621853,below_reporting_floor,below_reporting_floor,adaptive_analog_not_48k,2.504087918389827e-05,2.4980231506666866e-05,1.1197490148419927e-05,0.044721351261141976,0.002634156792548279,0.01013064958010691,-8.462379382503931e-11,-6.760016668529261e-12,-0.010080425368321877,0.01013064958010691,0.0002966337864120529,0.00015599425476318173,2.0373677876564075e-05,0.00029663378641173253,0.00014880061409614572,-4.764272386070199e-09,2.040224517916114e-09,drifting
GCOT-PP-03__main__f20__m27dBV,GCOT-PP-03,80s,netlists/GCOT-PP-03__main__f20__m27dBV.cir,logs/GCOT-PP-03__main__f20__m27dBV.log,GCOT-PP-03-waveforms.npz,GCOT-PP-03__main__f20__m27dBV,main,20,-27,200,8,1.0,1.5,2.0833333333333333e-05,24001,trap,0.044668359215096334,0.0026309701215599815,0.010088823482582748,-12.923189529203839,11.674492149259288,5.89243891242203e-09,5.9700471336857434e-09,-4.04182256907859e-05,-0.0006909353158892628,-116.06033031378489,-163.02629811111157,46.965967797326684,resolved,below_reporting_floor,adaptive_analog_not_48k,3.537147666790796e-05,3.528534733988071e-05,1.5817360436430923e-05,0.06317059913893112,0.003720660737801553,0.014309970213519797,-2.549935440587896e-13,-2.0371636678922966e-14,-0.014239026126675484,0.014309970213519797,0.0004190073124277934,0.00022034215215712918,2.877932865930509e-05,0.00041900731242724726,0.0002101869454676817,-4.749130516182087e-09,2.882170338242342e-09,drifting
GCOT-PP-03__main__f20__m24dBV,GCOT-PP-03,80s,netlists/GCOT-PP-03__main__f20__m24dBV.cir,logs/GCOT-PP-03__main__f20__m24dBV.log,GCOT-PP-03-waveforms.npz,GCOT-PP-03__main__f20__m24dBV,main,20,-24,200,8,1.0,1.5,2.0833333333333333e-05,24001,trap,0.0630957344480193,0.0037160671914651545,0.014250908401378498,-12.923149027310197,11.675179812335589,6.673793502328865e-09,6.830815063784408e-09,-8.092011933236165e-05,-0.0013785983921899003,-110.09546276515628,-162.6074110745621,52.51194830940581,resolved,below_reporting_floor,adaptive_analog_not_48k,4.996375878007033e-05,4.984222642665854e-05,2.23424415280475e-05,0.08923080786306167,0.0052550488914136564,0.02021348808503145,-3.3301242841690566e-11,-2.6602245086096673e-12,-0.020113275912662577,0.02021348808503145,0.0005918659877295309,0.0003112464163018297,4.065164770446273e-05,0.0005918659877288167,0.00029689833628277065,-4.755428538869592e-09,4.0710311504978996e-09,drifting
GCOT-PP-03__main__f20__m21dBV,GCOT-PP-03,80s,netlists/GCOT-PP-03__main__f20__m21dBV.cir,logs/GCOT-PP-03__main__f20__m21dBV.log,GCOT-PP-03-waveforms.npz,GCOT-PP-03__main__f20__m21dBV,main,20,-21,200,8,1.0,1.5,2.0833333333333333e-05,24001,trap,0.0891250938133745,0.005248304640990798,0.020130130307586695,-12.9230682760146,11.676551004326301,7.601034269868064e-09,7.926562274705144e-09,-0.0001616714149292875,-0.0027497903829019066,-104.11800553909664,-161.11818715639006,57.00018161729342,resolved,below_reporting_floor,adaptive_analog_not_48k,7.057591710095229e-05,7.040483469245755e-05,3.155935378635631e-05,0.12604187789655064,0.007421484596163742,0.028552666048272963,-1.9919821887282096e-10,-1.5912708919815476e-11,-0.02841111311076313,0.028552666048272963,0.0008360396445130445,0.0004396568252292029,5.7421781046816684e-05,0.0008360396445119722,0.00041938394586191863,-4.7628982194296065e-09,5.7502659755528985e-09,drifting
GCOT-PP-03__main__f20__m18dBV,GCOT-PP-03,80s,netlists/GCOT-PP-03__main__f20__m18dBV.cir,logs/GCOT-PP-03__main__f20__m18dBV.log,GCOT-PP-03-waveforms.npz,GCOT-PP-03__main__f20__m18dBV,main,20,-18,200,8,1.0,1.5,2.0833333333333333e-05,24001,trap,0.12589254117941678,0.0074112328705764315,0.028435091505169683,-12.922907396679172,11.679283411747647,6.11615443690359e-09,6.834699025916845e-09,-0.00032255075035791947,-0.005482197804248301,-98.13905760437224,-156.90077554825587,58.761717943883625,resolved,below_reporting_floor,adaptive_analog_not_48k,9.969328772497082e-05,9.945055926319548e-05,4.458054011515649e-05,0.17803893206263252,0.010478992890999392,0.040332718756953385,-6.621090497440037e-12,-5.299048133737153e-13,-0.04013276511052964,0.040332718756953385,0.0011809571751978214,0.0006210281746080849,8.111332056923107e-05,0.0011809571751929622,0.0005924065415442013,-4.750604008551785e-09,8.123218938646521e-09,drifting
GCOT-PP-03__main__f20__m15dBV,GCOT-PP-03,80s,netlists/GCOT-PP-03__main__f20__m15dBV.cir,logs/GCOT-PP-03__main__f20__m15dBV.log,GCOT-PP-03-waveforms.npz,GCOT-PP-03__main__f20__m15dBV,main,20,-15,200,8,1.0,1.5,2.0833333333333333e-05,24001,trap,0.17782794100389235,0.010462478001126116,0.040167114317094126,-12.922587354004323,11.684721489289934,7.346819451480716e-09,9.169553761429351e-09,-0.0006425934252067833,-0.01092027534653539,-92.16898561361427,-148.8673776276423,56.69839201402803,resolved,below_reporting_floor,adaptive_analog_not_48k,0.0001408247605294423,0.00014048284949698506,6.297262554091414e-05,0.2514865225566428,0.01479034754670741,0.05697423627238145,-2.574698088743635e-10,-2.057537885896044e-11,-0.05669178784758211,0.05697423627238145,0.0016682005481770648,0.0008772693799852207,0.00011457766453621722,0.0016682005481696597,0.0008368273150138314,-4.760038024162242e-09,1.1474055088481781e-08,drifting
GCOT-PP-03__main__f20__m12dBV,GCOT-PP-03,80s,netlists/GCOT-PP-03__main__f20__m12dBV.cir,logs/GCOT-PP-03__main__f20__m12dBV.log,GCOT-PP-03-waveforms.npz,GCOT-PP-03__main__f20__m12dBV,main,20,-12,200,8,1.0,1.5,2.0833333333333333e-05,24001,trap,0.25118864315095785,0.014761364322651972,0.05674170384986801,-12.921952545464748,11.695517472251913,6.332318494344948e-09,1.2159704080167102e-08,-0.0012774019647814328,-0.02171625830851376,-86.22239939868562,-138.31063996257365,52.08824056388802,resolved,below_reporting_floor,adaptive_analog_not_48k,0.00019893366345068674,0.00019844927678227728,8.895870766971373e-05,0.3552343803430562,0.020859429553646724,0.08048611717873538,-4.432598882666488e-12,-4.16724159839431e-13,-0.08008711850134001,0.08048611717873538,0.002356549686651104,0.001239233373412243,0.00016185838555807233,0.0023565496866407697,0.001182136394141529,-4.74977661558503e-09,1.620962173650892e-08,drifting
GCOT-PP-03__main__f20__m9dBV,GCOT-PP-03,80s,netlists/GCOT-PP-03__main__f20__m9dBV.cir,logs/GCOT-PP-03__main__f20__m9dBV.log,GCOT-PP-03-waveforms.npz,GCOT-PP-03__main__f20__m9dBV,main,20,-9,200,8,1.0,1.5,2.0833333333333333e-05,24001,trap,0.35481338923357547,0.02080284286936899,0.08016134008909735,-12.920700622841107,11.716845602793896,8.291956907700132e-09,2.3043103463976557e-08,-0.00252932458842281,-0.04304438885049677,-80.32493145015876,-126.89282285252912,46.567891402370364,resolved,below_reporting_floor,adaptive_analog_not_48k,0.00028103637479227477,0.00028035444786910597,0.00012567091718887987,0.5017816586868207,0.02937436164607307,0.11371133261166227,-6.135815926256415e-10,-4.95123526599626e-11,-0.11314766442287816,0.11371133261166227,0.0033291406848717396,0.0017507244298160458,0.00022865626514090632,0.003329140684856564,0.0016700527318210317,-4.761484515362864e-09,2.2898437295366852e-08,drifting
GCOT-PP-03__main__f20__m6dBV,GCOT-PP-03,80s,netlists/GCOT-PP-03__main__f20__m6dBV.cir,logs/GCOT-PP-03__main__f20__m6dBV.log,GCOT-PP-03-waveforms.npz,GCOT-PP-03__main__f20__m6dBV,main,20,-6,200,8,1.0,1.5,2.0833333333333333e-05,24001,trap,0.501187233627272,0.029252155598998505,0.11326273586778562,-12.918259043500717,11.758583459071165,1.3053722885549714e-08,1.2110038314917998e-07,-0.004970903928812831,-0.08478224512776578,-74.52375995713321,-115.34821706084742,40.82445710371421,resolved,resolved,adaptive_analog_not_48k,0.0003970752941377955,0.0003961088442456506,0.00017756209824070488,0.7087856654235655,0.041244545135287636,0.16068118758716027,-6.366516806885519e-11,-9.044896274152557e-12,-0.15988477685472102,0.16068118758716027,0.004703715133663992,0.0024735460433257445,0.00032307060873855626,0.004703715133641924,0.0023596753901413683,-4.755032200280622e-09,3.23538524265002e-08,drifting
GCOT-PP-03__main__f20__m3dBV,GCOT-PP-03,80s,netlists/GCOT-PP-03__main__f20__m3dBV.cir,logs/GCOT-PP-03__main__f20__m3dBV.log,GCOT-PP-03-waveforms.npz,GCOT-PP-03__main__f20__m3dBV,main,20,-3,200,8,1.0,1.5,2.0833333333333333e-05,24001,trap,0.7079457843841382,0.040961814494432286,0.1600737743954017,-12.913596293321465,11.8388199780528,4.633192729985229e-08,6.663607132207559e-07,-0.009633654108064604,-0.16501876410940142,-68.90392809357868,-104.0721577237949,35.16822963021622,resolved,resolved,adaptive_analog_not_48k,0.0005611452574809751,0.0005597904566557206,0.0002509259217646833,1.0011865258445922,0.057596127156227916,0.22712776690789854,-2.6328016522135e-09,-2.418771000676401e-10,-0.22600227331507128,0.22712776690789854,0.006647356609175328,0.0034957480956219803,0.0004565568399428814,0.0066473566091430954,0.0033349198494485297,-4.781308195103689e-09,4.5720255494162397e-08,drifting
GCOT-PP-03__main__f20__p0dBV,GCOT-PP-03,80s,netlists/GCOT-PP-03__main__f20__p0dBV.cir,logs/GCOT-PP-03__main__f20__p0dBV.log,GCOT-PP-03-waveforms.npz,GCOT-PP-03__main__f20__p0dBV,main,20,0,200,8,1.0,1.5,2.0833333333333333e-05,24001,trap,1.0000000000000002,0.056929437873074876,0.22633357204437368,-12.905020447884874,11.988241640797925,2.22960017664077e-07,3.785257359519985e-06,-0.018209499544655117,-0.3144404268545262,-63.60775478749169,-93.37901053964586,29.77125575215417,resolved,resolved,adaptive_analog_not_48k,0.0007933420571307431,0.0007914225042426504,0.0003547571532286079,1.4142134301512752,0.07965741698543216,0.3212351227742044,-1.9400562770843946e-10,-2.678239176912414e-10,-0.3196439194500755,0.3212351227742044,0.009397940197823437,0.004942215773996364,0.0006454760684171376,0.009397940197777987,0.004715352810634626,-4.840757054794695e-09,6.465204124606289e-08,drifting
GCOT-PP-03__main__f20__p3dBV,GCOT-PP-03,80s,netlists/GCOT-PP-03__main__f20__p3dBV.cir,logs/GCOT-PP-03__main__f20__p3dBV.log,GCOT-PP-03-waveforms.npz,GCOT-PP-03__main__f20__p3dBV,main,20,3,200,8,1.0,1.5,2.0833333333333333e-05,24001,trap,1.4125375446227533,0.07813941756210925,0.3202507922076591,-12.890195745264935,12.25240085985832,1.2271291226850356e-06,2.2051014629307744e-05,-0.03303420216459507,-0.5785996459149203,-58.84090360732111,-83.65252627966662,24.811622672345507,resolved,resolved,adaptive_analog_not_48k,0.0011223453333955248,0.0011196268573106303,0.0005018773582948326,1.9976293608344522,0.10846454534207262,0.454731754763129,2.0165932664108137e-08,-4.160493180700469e-10,-0.4524806698797911,0.454731754763129,0.013295343891625712,0.00699177250447758,0.0009131589632596515,0.013295343891560975,0.00667199063530325,-5.194213929969582e-09,9.260882570604273e-08,drifting
GCOT-PP-03__main__f20__p6dBV,GCOT-PP-03,80s,netlists/GCOT-PP-03__main__f20__p6dBV.cir,logs/GCOT-PP-03__main__f20__p6dBV.log,GCOT-PP-03-waveforms.npz,GCOT-PP-03__main__f20__p6dBV,main,20,6,200,8,1.0,1.5,2.0833333333333333e-05,24001,trap,1.9952623149688793,0.1052872145739914,0.4535872846987112,-12.866782568307658,12.685704704485882,6.964821516258154e-06,0.00013185690379401288,-0.05644737912187203,-1.0119034905424833,-54.8373237368915,-75.31394394450292,20.476620207611425,resolved,resolved,adaptive_analog_not_48k,0.001589204221266935,0.001585347608568415,0.0007106470628182479,2.8217254313965245,0.1444638668098166,0.6444291553267729,1.8989561601699697e-07,-1.220880684676046e-09,-0.6412416462277116,0.6444291553267729,0.018826137990117984,0.0099002345653809,0.0012930059111143468,0.018826137990026675,0.009449875501975761,-7.220865750330621e-09,2.56114299119982e-07,drifting
GCOT-PP-03__main__f100__m30dBV,GCOT-PP-03,80s,netlists/GCOT-PP-03__main__f100__m30dBV.cir,logs/GCOT-PP-03__main__f100__m30dBV.log,GCOT-PP-03-waveforms.npz,GCOT-PP-03__main__f100__m30dBV,main,100,-30,200,8,0.2,0.30000000000000004,2.0833333333333333e-05,4801,trap,0.03162277660168377,0.0018626537939542623,0.00714242523852218,-12.92308593571839,11.674271237397631,3.173266850232015e-10,5.141250604024894e-09,-2.0405096899267505e-05,-0.00034641683999403483,-122.11834927709904,-208.2128691998487,86.09451992274967,below_reporting_floor,below_reporting_floor,adaptive_analog_not_48k,9.328832234760059e-07,9.431251692905213e-07,3.7902816880026873e-07,0.04472129088974384,0.0026341532369400823,0.010102011445187485,-2.695058847477658e-09,-2.15289835010297e-10,-0.01010012488562235,0.010102011445187485,5.2638030127418795e-05,2.6384567420682557e-05,1.5360362828013304e-07,5.263803012740478e-05,0.00014880061403864752,-2.6229707090249806e-13,2.7631617843357e-12,drifting
GCOT-PP-03__main__f100__m27dBV,GCOT-PP-03,80s,netlists/GCOT-PP-03__main__f100__m27dBV.cir,logs/GCOT-PP-03__main__f100__m27dBV.log,GCOT-PP-03-waveforms.npz,GCOT-PP-03__main__f100__m27dBV,main,100,-27,200,8,0.2,0.30000000000000004,2.0833333333333333e-05,4801,trap,0.04466835921509632,0.0026309701539621844,0.010088967392091487,-12.923065632379,11.674615939111433,6.162041807737896e-10,1.0240142319315245e-08,-4.070843628944942e-05,-0.0006911185537958886,-116.12007807661962,-197.95174393371252,81.8316658570929,resolved,below_reporting_floor,adaptive_analog_not_48k,1.3205377317105457e-06,1.3321975874640755e-06,5.354023918547247e-07,0.06317033366772708,0.003720645105054425,0.014269476791740766,-3.074741432599483e-09,-2.456200921219269e-10,-0.014266811969560375,0.014269476791740766,7.435324489834859e-05,3.726859157098748e-05,2.1697451258210372e-07,7.435324489833119e-05,0.0002101869453056707,-2.6229707090249806e-13,3.903284207772907e-12,drifting
GCOT-PP-03__main__f100__m24dBV,GCOT-PP-03,80s,netlists/GCOT-PP-03__main__f100__m24dBV.cir,logs/GCOT-PP-03__main__f100__m24dBV.log,GCOT-PP-03-waveforms.npz,GCOT-PP-03__main__f100__m24dBV,main,100,-24,200,8,0.2,0.30000000000000004,2.0833333333333333e-05,4801,trap,0.06309573444801936,0.003716067282014803,0.014251111669181861,-12.923025137024347,11.675303490971817,-4.026832251796956e-09,-6.857041461852005e-08,-8.120379094300745e-05,-0.0013786704141800499,-110.1234966752373,-187.41783359875166,77.29433692351435,resolved,below_reporting_floor,adaptive_analog_not_48k,1.8687467537236737e-06,1.8817802152831862e-06,7.562923961190296e-07,0.0892301250604394,0.005255008695351296,0.020156219527158514,-3.4469522169957333e-09,-2.7535345577645916e-10,-0.020152455376956493,0.020156219527158514,0.00010502697795383584,5.264257555613491e-05,3.06490250530509e-07,0.00010502697795380555,0.0002968983358300228,-1.3114853545124802e-13,6.225913133645415e-12,drifting
GCOT-PP-03__main__f100__m21dBV,GCOT-PP-03,80s,netlists/GCOT-PP-03__main__f100__m21dBV.cir,logs/GCOT-PP-03__main__f100__m21dBV.log,GCOT-PP-03-waveforms.npz,GCOT-PP-03__main__f100__m21dBV,main,100,-21,200,8,0.2,0.30000000000000004,2.0833333333333333e-05,4801,trap,0.08912509381337454,0.005248304761828842,0.020130417435386492,-12.922944384983758,11.67667469537144,-1.2418881431706242e-09,-2.1334541933365614e-08,-0.00016195583153155724,-0.002749874813803288,-104.13411399672553,-185.46359063496058,81.32947663823505,resolved,below_reporting_floor,adaptive_analog_not_48k,2.629493270333281e-06,2.658126002729933e-06,1.0682625599344677e-06,0.12604171274244583,0.00742147487953098,0.02847195286694547,-7.534945070182847e-09,-6.019152601379927e-10,-0.028466635744181443,0.02847195286694547,0.0001483562686667006,7.436283835248306e-05,4.329203663331595e-07,0.0001483562686666599,0.0004193839452577285,-2.6422572583560467e-13,1.9937544558518255e-11,drifting
GCOT-PP-03__main__f100__m18dBV,GCOT-PP-03,80s,netlists/GCOT-PP-03__main__f100__m18dBV.cir,logs/GCOT-PP-03__main__f100__m18dBV.log,GCOT-PP-03-waveforms.npz,GCOT-PP-03__main__f100__m18dBV,main,100,-18,200,8,0.2,0.30000000000000004,2.0833333333333333e-05,4801,trap,0.12589254117941687,0.007411232982571005,0.028435497105492088,-12.922783501367956,11.679407175802364,7.868752086552146e-10,1.3190093317610048e-08,-0.0003228394473335783,-0.005482355244726733,-98.14779715581089,-163.15117548434498,65.00337832853408,resolved,below_reporting_floor,adaptive_analog_not_48k,3.7343762509605928e-06,3.7547256111879707e-06,1.5090640847911773e-06,0.17803667381412233,0.010478860185929958,0.04021824817003809,-5.402555542137192e-09,-4.3157329185411915e-10,-0.04021073756683157,0.04021824817003809,0.00020956105489206985,0.00010503662751372519,6.115515996502119e-07,0.00020956105489200545,0.0005924065409842294,-2.2565262717347212e-13,3.13877910671977e-11,drifting
GCOT-PP-03__main__f100__m15dBV,GCOT-PP-03,80s,netlists/GCOT-PP-03__main__f100__m15dBV.cir,logs/GCOT-PP-03__main__f100__m15dBV.log,GCOT-PP-03-waveforms.npz,GCOT-PP-03__main__f100__m15dBV,main,100,-15,200,8,0.2,0.30000000000000004,2.0833333333333333e-05,4801,trap,0.17782794100389243,0.010462478066365903,0.04016768728627255,-12.922463453852696,11.684845335279865,5.835300995083544e-10,9.743962951625268e-09,-0.000642886962593181,-0.010920514722227992,-92.17356734535338,-150.66634787545212,58.49278053009874,resolved,below_reporting_floor,adaptive_analog_not_48k,5.2758728623644865e-06,5.303862883470126e-06,2.1316831462588185e-06,0.2514833523248236,0.014790161687264047,0.05681254283606438,-7.4346188736009826e-09,-5.9390105383722e-10,-0.05680193348656562,0.05681254283606438,0.0002960224758512813,0.00014837279540536746,8.638690426452653e-07,0.00029602247585118556,0.0008368273146876327,-2.2468829970691881e-13,5.422225238217125e-11,drifting
GCOT-PP-03__main__f100__m12dBV,GCOT-PP-03,80s,netlists/GCOT-PP-03__main__f100__m12dBV.cir,logs/GCOT-PP-03__main__f100__m12dBV.log,GCOT-PP-03-waveforms.npz,GCOT-PP-03__main__f100__m12dBV,main,100,-12,200,8,0.2,0.30000000000000004,2.0833333333333333e-05,4801,trap,0.2511886431509581,0.014761364242228561,0.056742513290780186,-12.921828638993727,11.69564142604573,4.894762770283474e-10,8.143897383558614e-09,-0.0012777018215626157,-0.021716605488093066,-86.22484047414117,-138.79323300686087,52.5683925327197,resolved,below_reporting_floor,adaptive_analog_not_48k,7.447489691259545e-06,7.492404728221601e-06,3.011253275045912e-06,0.3552305696624689,0.020859207185319084,0.08025785294743126,-1.1904277210260553e-08,-9.509517350713204e-10,-0.08024286581961429,0.08025785294743126,0.0004181705747250702,0.00020959747233703134,1.2203187970216968e-06,0.0004181705747249702,0.0011821363945436483,-2.5168946877041164e-13,7.416040077364259e-11,drifting
GCOT-PP-03__main__f100__m9dBV,GCOT-PP-03,80s,netlists/GCOT-PP-03__main__f100__m9dBV.cir,logs/GCOT-PP-03__main__f100__m9dBV.log,GCOT-PP-03-waveforms.npz,GCOT-PP-03__main__f100__m9dBV,main,100,-9,200,8,0.2,0.30000000000000004,2.0833333333333333e-05,4801,trap,0.35481338923357525,0.020802842483059632,0.08016248368517817,-12.920576709262757,11.716969677669447,4.667116639267079e-10,7.883001297815875e-09,-0.0025296315525320523,-0.043044857111809165,-80.32623000983398,-127.00316780791526,46.67693779808128,resolved,below_reporting_floor,adaptive_analog_not_48k,1.05753164555209e-05,1.0584487937326762e-05,4.254397291325825e-06,0.5017790688770742,0.029374211890975,0.11338949353484405,-2.661129441853556e-09,-2.1257913245837655e-10,-0.11336831985564978,0.11338949353484405,0.0005907591469425628,0.00029607838783672895,1.7240788425467871e-06,0.0005907591469423837,0.0016700527337525795,-2.015444405096393e-13,9.200750991234646e-11,drifting
GCOT-PP-03__main__f100__m6dBV,GCOT-PP-03,80s,netlists/GCOT-PP-03__main__f100__m6dBV.cir,logs/GCOT-PP-03__main__f100__m6dBV.log,GCOT-PP-03-waveforms.npz,GCOT-PP-03__main__f100__m6dBV,main,100,-6,200,8,0.2,0.30000000000000004,2.0833333333333333e-05,4801,trap,0.5011872336272721,0.029252155080250277,0.1132643516875129,-12.918135130444865,11.758707526159766,4.0788386317038355e-10,6.881080021243917e-09,-0.0049712103704244726,-0.08478270560212842,-74.52441639087313,-115.37646546722998,40.85204907635685,resolved,resolved,adaptive_analog_not_48k,1.4927553285450053e-05,1.495479599039059e-05,6.0108684157973255e-06,0.7087777995142522,0.041244098242736504,0.1602255063567717,-7.485208727124489e-09,-5.979418211862514e-10,-0.16019558998716674,0.1602255063567717,0.0008346761364554694,0.00041833571257212087,2.435892974518806e-06,0.0008346761364552062,0.0023596753927351078,-2.285456095731321e-13,1.1152020333783696e-10,drifting
GCOT-PP-03__main__f100__m3dBV,GCOT-PP-03,80s,netlists/GCOT-PP-03__main__f100__m3dBV.cir,logs/GCOT-PP-03__main__f100__m3dBV.log,GCOT-PP-03-waveforms.npz,GCOT-PP-03__main__f100__m3dBV,main,100,-3,200,8,0.2,0.30000000000000004,2.0833333333333333e-05,4801,trap,0.7079457843841379,0.04096181391000589,0.16007605799150051,-12.913472382191824,11.838944013109158,-7.473978289557494e-11,-1.3519071921703216e-09,-0.009633958623465944,-0.16501919255152053,-68.90431120769668,-104.08114485552602,35.17683364782934,resolved,resolved,adaptive_analog_not_48k,2.1124785078025663e-05,2.113417969919139e-05,8.494944763502516e-06,1.0011833431878778,0.057595952193578104,0.2264855889636732,-2.987694522215725e-09,-2.386648576117921e-10,-0.22644331132674017,0.2264855889636732,0.001179580764974821,0.0005911771452562718,3.442535885835119e-06,0.0011795807649740352,0.00333491985237066,-1.764719263792533e-13,1.427054912472077e-10,drifting
GCOT-PP-03__main__f100__p0dBV,GCOT-PP-03,80s,netlists/GCOT-PP-03__main__f100__p0dBV.cir,logs/GCOT-PP-03__main__f100__p0dBV.log,GCOT-PP-03-waveforms.npz,GCOT-PP-03__main__f100__p0dBV,main,100,0,200,8,0.2,0.30000000000000004,2.0833333333333333e-05,4801,trap,1.0,0.05692943717535957,0.2263368008641634,-12.904896537975878,11.988365657159367,1.6118243130802352e-10,2.621444561579666e-09,-0.018209802839411537,-0.3144408366017295,-63.60801116357634,-93.38193010491553,29.773918941339183,resolved,resolved,adaptive_analog_not_48k,2.966384504862583e-05,2.9879861209091176e-05,1.2008763037382627e-05,1.4142032983021497,0.07965689192774461,0.3203259368195849,-5.70959359037621e-08,-4.561041093270834e-09,-0.32026616769364635,0.3203259368195849,0.001667671277723365,0.0008358876723026267,4.866592042125168e-06,0.0016676712777218357,0.004715352814123204,-2.4590350397109166e-13,5.517863451994267e-10,drifting
GCOT-PP-03__main__f100__p3dBV,GCOT-PP-03,80s,netlists/GCOT-PP-03__main__f100__p3dBV.cir,logs/GCOT-PP-03__main__f100__p3dBV.log,GCOT-PP-03-waveforms.npz,GCOT-PP-03__main__f100__p3dBV,main,100,3,200,8,0.2,0.30000000000000004,2.0833333333333333e-05,4801,trap,1.4125375446227548,0.07813941662538003,0.32025536081356665,-12.890071835739558,12.252524873509469,1.0294224545443645e-10,1.7175291498792483e-09,-0.033034505075731246,-0.5786000529518311,-58.84109842476959,-83.65358724223418,24.81248881746459,resolved,resolved,adaptive_analog_not_48k,4.214289518761179e-05,4.227088455028581e-05,1.699011268291556e-05,1.9975930048590738,0.10846283474130614,0.45344047433004825,-3.4453510043044105e-08,-2.7523344062231125e-09,-0.4533559130461672,0.45344047433004825,0.002359258450623856,0.001182477894802128,6.885094820076351e-06,0.002359258450621636,0.006671990639986874,5.014502826076948e-13,1.324100151722745e-08,drifting
GCOT-PP-03__main__f100__p6dBV,GCOT-PP-03,80s,netlists/GCOT-PP-03__main__f100__p6dBV.cir,logs/GCOT-PP-03__main__f100__p6dBV.log,GCOT-PP-03-waveforms.npz,GCOT-PP-03__main__f100__p6dBV,main,100,6,200,8,0.2,0.30000000000000004,2.0833333333333333e-05,4801,trap,1.9952623149688804,0.10528721235993606,0.4535937556530262,-12.86665865479419,12.685828800652498,3.6603301885739695e-10,6.866779397556832e-09,-0.05644768602109984,-1.0119039800948606,-54.837488075757165,-75.31443426463882,20.476946188881655,resolved,resolved,adaptive_analog_not_48k,5.9824699874928616e-05,5.985493772724734e-05,2.4065007054295398e-05,2.821716991605916,0.1444634948994996,0.6426105524369211,-9.40232841654534e-09,-7.516118244385663e-10,-0.6424908162279653,0.6426105524369211,0.0033407349366620064,0.0016742990302169166,9.749718345180241e-06,0.003340734936658768,0.009449875513044721,2.5130373778342305e-11,2.1888559682079894e-07,drifting
GCOT-PP-03__main__f1000__m30dBV,GCOT-PP-03,80s,netlists/GCOT-PP-03__main__f1000__m30dBV.cir,logs/GCOT-PP-03__main__f1000__m30dBV.log,GCOT-PP-03-waveforms.npz,GCOT-PP-03__main__f1000__m30dBV,main,1000,-30,200,8,0.04,0.05,3.90625e-06,2728,trap,0.031622776601683826,0.0018626538231777665,0.007142429424494137,-12.923080845167426,11.674276191674156,9.724114348824415e-10,1.65090799508703e-08,-2.039660591002246e-05,-0.00034627207456594533,-122.10818864399602,-203.33544098123528,81.22725233723926,below_reporting_floor,below_reporting_floor,adaptive_analog_not_48k,1.658108633044925e-08,1.6935180100625956e-08,3.763861172182078e-09,0.04472135950177036,0.0026341572779215866,0.010100947008716443,-9.226868807954358e-11,-7.377798062906609e-12,-0.010100909750747974,0.010100947008716443,5.2376730538518935e-06,2.619139494400203e-06,2.7212671781187214e-10,5.237673053850766e-06,0.00014880061389253022,-6.15240923661019e-13,3.964345144665904e-13,within_thresholds
GCOT-PP-03__main__f1000__m27dBV,GCOT-PP-03,80s,netlists/GCOT-PP-03__main__f1000__m27dBV.cir,logs/GCOT-PP-03__main__f1000__m27dBV.log,GCOT-PP-03-waveforms.npz,GCOT-PP-03__main__f1000__m27dBV,main,1000,-27,200,8,0.04,0.05,3.90625e-06,2728,trap,0.04466835921509629,0.002630970188800064,0.01008897330649379,-12.923060540497078,11.674620915979512,-2.324945199893896e-09,-3.9472771174847163e-08,-4.0701276258658936e-05,-0.0006909963799213159,-116.12191152221152,-178.5693076621611,62.447396139949575,resolved,below_reporting_floor,adaptive_analog_not_48k,2.342577655374134e-08,2.392153498160701e-08,5.3165843154412365e-09,0.06317058051593297,0.0037206596412404577,0.014268007106670587,-1.2881330089241015e-10,-1.0331403969227719e-11,-0.014267954478143349,0.014268007106670587,7.398424097341531e-06,3.699639616670918e-06,3.843874549597658e-10,7.3984240973400065e-06,0.00021018694513148114,-1.1189091594424998e-11,8.257055376978343e-12,within_thresholds
GCOT-PP-03__main__f1000__m24dBV,GCOT-PP-03,80s,netlists/GCOT-PP-03__main__f1000__m24dBV.cir,logs/GCOT-PP-03__main__f1000__m24dBV.log,GCOT-PP-03-waveforms.npz,GCOT-PP-03__main__f1000__m24dBV,main,1000,-24,200,8,0.04,0.05,3.90625e-06,2728,trap,0.06309573444801941,0.003716067263657151,0.014251120039752345,-12.923020035258839,11.675308635646282,4.7400046704635e-10,8.048433756478749e-09,-8.120651449772254e-05,-0.001378716046691153,-110.12913419605484,-198.7540112790941,88.62487708303927,resolved,below_reporting_floor,adaptive_analog_not_48k,3.310807352828403e-08,3.3790364458058395e-08,7.510095089002028e-09,0.08923054708672394,0.005255033540105869,0.020154157109450756,-1.7800575567296545e-10,-1.421542347457525e-11,-0.02015408877843218,0.020154157109450756,1.0450531517893783e-05,5.225897619483489e-06,5.429611411178388e-10,1.0450531517891705e-05,0.0002968983359218113,-1.2577723146345592e-10,1.4748017534865217e-11,within_thresholds
GCOT-PP-03__main__f1000__m21dBV,GCOT-PP-03,80s,netlists/GCOT-PP-03__main__f1000__m21dBV.cir,logs/GCOT-PP-03__main__f1000__m21dBV.log,GCOT-PP-03-waveforms.npz,GCOT-PP-03__main__f1000__m21dBV,main,1000,-21,200,8,0.04,0.05,3.90625e-06,2728,trap,0.08912509381337454,0.005248304710547795,0.020130429265325548,-12.922939280593093,11.676679884631705,6.967962793032786e-10,1.1832967058138757e-08,-0.000161961180243253,-0.002749965032114332,-104.13533186818188,-174.085063391869,69.94973152368712,resolved,below_reporting_floor,adaptive_analog_not_48k,4.670658508276717e-08,4.773051465536851e-08,1.060841457325598e-08,0.12604190212366442,0.007421486022413527,0.028468950873700903,-2.6738004181275787e-10,-2.1334299282431032e-11,-0.028468847986878147,0.028468950873700903,1.4761897701968889e-05,7.381849562186984e-06,7.669210507090882e-10,1.4761897701965452e-05,0.00041938394551413417,-4.443090585884581e-10,2.565282963199053e-11,within_thresholds
GCOT-PP-03__main__f1000__m18dBV,GCOT-PP-03,80s,netlists/GCOT-PP-03__main__f1000__m18dBV.cir,logs/GCOT-PP-03__main__f1000__m18dBV.log,GCOT-PP-03-waveforms.npz,GCOT-PP-03__main__f1000__m18dBV,main,1000,-18,200,8,0.04,0.05,3.90625e-06,2728,trap,0.1258925411794169,0.007411232921462582,0.028435513813315487,-12.922778397807893,11.679412350980883,3.8874655254402604e-10,6.603480831175396e-09,-0.0003228439654439086,-0.00548243138129223,-98.14785601619488,-162.26005510944705,64.11219909325217,resolved,below_reporting_floor,adaptive_analog_not_48k,6.590972717998611e-08,6.742227924180584e-08,1.498483486818781e-08,0.1780386941793384,0.010478978914715678,0.040214399221513264,-3.9548066250882087e-10,-3.15146253685719e-11,-0.04021426287939628,0.040214399221513264,2.085181775327452e-05,1.0427325070164778e-05,1.0833582392598077e-09,2.085181775327027e-05,0.000592406541289772,-3.0581524081849447e-10,3.585486783357638e-11,within_thresholds
GCOT-PP-03__main__f1000__m15dBV,GCOT-PP-03,80s,netlists/GCOT-PP-03__main__f1000__m15dBV.cir,logs/GCOT-PP-03__main__f1000__m15dBV.log,GCOT-PP-03-waveforms.npz,GCOT-PP-03__main__f1000__m15dBV,main,1000,-15,200,8,0.04,0.05,3.90625e-06,2728,trap,0.1778279410038923,0.01046247799705749,0.040167710883486814,-12.922458351175575,11.68485049549643,3.365806186664836e-10,5.720578257546849e-09,-0.0006428905977617916,-0.010920575896840035,-92.17351032364411,-150.61901727172193,58.44550694807782,resolved,below_reporting_floor,adaptive_analog_not_48k,9.32019002504023e-08,9.523957498601225e-08,2.1167163990124184e-08,0.25148668337265173,0.014790356981270888,0.056807220116187294,-5.342033639115152e-10,-4.2456637628076674e-11,-0.05680701481965437,0.056807220116187294,2.9455309843197474e-05,1.4729450569256622e-05,1.5303052837304242e-09,2.9455309843191135e-05,0.000836827315034175,-4.921657377736779e-10,4.250915358678108e-11,within_thresholds
GCOT-PP-03__main__f1000__m12dBV,GCOT-PP-03,80s,netlists/GCOT-PP-03__main__f1000__m12dBV.cir,logs/GCOT-PP-03__main__f1000__m12dBV.log,GCOT-PP-03-waveforms.npz,GCOT-PP-03__main__f1000__m12dBV,main,1000,-12,200,8,0.04,0.05,3.90625e-06,2728,trap,0.2511886431509583,0.014761364167981027,0.056742546619489145,-12.921823537185828,11.695646571542408,3.111759782637589e-10,5.2951716233003756e-09,-0.0012777045875083104,-0.021716651942817577,-86.2248071671654,-138.79956557182456,52.574758404659164,resolved,below_reporting_floor,adaptive_analog_not_48k,1.2892034475745876e-07,1.345387860229564e-07,2.990070992053671e-08,0.3552343576802227,0.020859428249620615,0.0802501268438201,-1.473147198164576e-09,-1.1705192755934683e-10,-0.08024983683615475,0.0802501268438201,4.1609433817609366e-05,2.0807634610518746e-05,2.161725338454083e-09,4.1609433817599134e-05,0.0011821363949148854,1.3921224172545004e-10,5.194234456084233e-11,within_thresholds
GCOT-PP-03__main__f1000__m9dBV,GCOT-PP-03,80s,netlists/GCOT-PP-03__main__f1000__m9dBV.cir,logs/GCOT-PP-03__main__f1000__m9dBV.log,GCOT-PP-03-waveforms.npz,GCOT-PP-03__main__f1000__m9dBV,main,1000,-9,200,8,0.04,0.05,3.90625e-06,2728,trap,0.3548133892335751,0.02080284240103772,0.08016253076452708,-12.920571608049693,11.716974813129426,1.599814010311667e-10,2.728666234035108e-09,-0.002529633723643343,-0.04304489352983509,-80.32621683185981,-127.00624382509191,46.680026993232104,resolved,below_reporting_floor,adaptive_analog_not_48k,1.8516587730626216e-07,1.900649919191523e-07,4.224184642897436e-08,0.5017818140295599,0.02937437067085219,0.11337798530368243,-1.299733782269463e-09,-1.020703197320146e-10,-0.11337758405197354,0.11337798530368243,5.878274671031417e-05,2.9394948284243468e-05,3.0542405048438528e-09,5.878274671030334e-05,0.0016700527341626888,-1.435661802392402e-10,6.340389330416194e-11,within_thresholds
GCOT-PP-03__main__f1000__m6dBV,GCOT-PP-03,80s,netlists/GCOT-PP-03__main__f1000__m6dBV.cir,logs/GCOT-PP-03__main__f1000__m6dBV.log,GCOT-PP-03-waveforms.npz,GCOT-PP-03__main__f1000__m6dBV,main,1000,-6,200,8,0.04,0.05,3.90625e-06,2727,trap,0.5011872336272726,0.02925215499847537,0.11326441819936899,-12.918130029859707,11.758712651026485,1.0060918124264446e-10,1.7238971008423572e-09,-0.004971211913629148,-0.08478273142689474,-74.52441419705929,-115.37721853081186,40.85280433375257,resolved,resolved,adaptive_analog_not_48k,2.5881697791740405e-07,2.6854116100420967e-07,5.968264265359107e-08,0.7087819280774821,0.041244333001978495,0.16020929786642918,-2.5983869152150762e-09,-2.0260031618935248e-10,-0.16020874288608467,0.16020929786642918,8.305306643798788e-05,4.1532241786052424e-05,4.314751587165705e-09,8.305306643797386e-05,0.0023596753931439877,-1.5863572555933055e-10,7.539767295873763e-11,within_thresholds
GCOT-PP-03__main__f1000__m3dBV,GCOT-PP-03,80s,netlists/GCOT-PP-03__main__f1000__m3dBV.cir,logs/GCOT-PP-03__main__f1000__m3dBV.log,GCOT-PP-03-waveforms.npz,GCOT-PP-03__main__f1000__m3dBV,main,1000,-3,200,8,0.04,0.05,3.90625e-06,2726,trap,0.7079457843841384,0.040961813833954266,0.16007615198295613,-12.913467282121394,11.838949129306224,8.579347437393802e-11,1.48279116293058e-09,-0.009633959651942803,-0.16501920970663342,-68.90431345995944,-104.08130212316424,35.176988663204796,resolved,resolved,adaptive_analog_not_48k,3.5199911632904223e-07,3.7950790955968234e-07,8.434305422617136e-08,1.0011811021446824,0.057595829531712606,0.2264608203904101,-7.348308434755693e-09,-5.73100969645475e-10,-0.22646010356202947,0.2264608203904101,0.00011737219854489708,5.8695199736815466e-05,6.09728055702571e-09,0.00011737219854486853,0.0033349198527509246,1.7524144453016173e-10,1.0464711224504032e-10,within_thresholds
GCOT-PP-03__main__f1000__p0dBV,GCOT-PP-03,80s,netlists/GCOT-PP-03__main__f1000__p0dBV.cir,logs/GCOT-PP-03__main__f1000__p0dBV.log,GCOT-PP-03-waveforms.npz,GCOT-PP-03__main__f1000__p0dBV,main,1000,0,200,8,0.04,0.05,3.90625e-06,2723,trap,1.0000000000000009,0.056929437120815496,0.22633693374905772,-12.904891438393392,11.988370765063811,7.013744224046347e-11,1.2320782658825696e-09,-0.01820980337994449,-0.3144408454642207,-63.60801510946197,-93.38196119858907,29.7739460891271,resolved,resolved,adaptive_analog_not_48k,3.836164083099254e-07,5.365460129768619e-07,1.192492017474777e-07,1.414212777908782,0.0796573836203649,0.3202938441748764,-4.038068261931107e-08,-3.186054118640994e-09,-0.32029273532513347,0.3202938441748764,0.00016593964039719088,8.29878010437116e-05,8.616566786401817e-09,0.000165939640397157,0.004715352814395927,-1.962396751183442e-10,5.481613446688241e-10,within_thresholds
GCOT-PP-03__main__f1000__p3dBV,GCOT-PP-03,80s,netlists/GCOT-PP-03__main__f1000__p3dBV.cir,logs/GCOT-PP-03__main__f1000__p3dBV.log,GCOT-PP-03-waveforms.npz,GCOT-PP-03__main__f1000__p3dBV,main,1000,3,200,8,0.04,0.05,3.90625e-06,2721,trap,1.4125375446227528,0.07813941653829126,0.320255548841483,-12.890066736092667,12.25252998283704,7.93805251182634e-11,1.4348971523978915e-09,-0.03303450568066957,-0.5786000632374488,-58.8411024124084,-83.65360305740539,24.812500644996994,resolved,resolved,adaptive_analog_not_48k,5.938167528690631e-07,7.590570243301424e-07,1.6904226263170217e-07,1.9976295694234079,0.10846455288089074,0.45340041516234164,-4.449096245774569e-08,-3.4424975496420803e-09,-0.45339877897134545,0.45340041516234164,0.00023475606317219304,0.00011740170535216923,1.2184239893217162e-08,0.00023475606317214235,0.006671990640422305,4.677933253574695e-10,1.3256583758978829e-08,within_thresholds
GCOT-PP-03__main__f1000__p6dBV,GCOT-PP-03,80s,netlists/GCOT-PP-03__main__f1000__p6dBV.cir,logs/GCOT-PP-03__main__f1000__p6dBV.log,GCOT-PP-03-waveforms.npz,GCOT-PP-03__main__f1000__p6dBV,main,1000,6,200,8,0.04,0.05,3.90625e-06,2715,trap,1.9952623149688824,0.10528721236875106,0.4535940219346828,-12.866653555754862,12.685833898964624,3.683066910533194e-10,6.979509451067298e-09,-0.056447686018474386,-1.0119039793650337,-54.83749218998835,-75.31444093425782,20.476948744269464,resolved,resolved,adaptive_analog_not_48k,8.916426741959369e-07,1.074822068940441e-06,2.45068888345451e-07,2.821726359176202,0.1444638777998506,0.6425440725065207,-5.178255002854221e-08,-3.816250012605625e-09,-0.6425418990017882,0.6425440725065207,0.00033241107232469735,0.00016623858402645922,1.7230678714082385e-08,0.0003324110723246296,0.009449875513000652,-1.726531896118721e-11,2.188965965354212e-07,within_thresholds
GCOT-PP-03__main__f10000__m30dBV,GCOT-PP-03,80s,netlists/GCOT-PP-03__main__f10000__m30dBV.cir,logs/GCOT-PP-03__main__f10000__m30dBV.log,GCOT-PP-03-waveforms.npz,GCOT-PP-03__main__f10000__m30dBV,main,10000,-30,200,8,0.04,0.041,3.90625e-07,2732,trap,0.03162277660168372,0.001862653823170589,0.007142429466419677,-12.92308079418186,11.674276242693164,9.17155456750647e-10,1.557077654711953e-08,-2.039660104102836e-05,-0.00034627210313686874,-122.10819493200322,-203.21343030073984,81.10523536873663,below_reporting_floor,below_reporting_floor,adaptive_analog_not_48k,-2.1608772712902385e-09,1.5240927316191819e-09,3.762588879981897e-11,0.0447208000659204,0.0026341243296173697,0.010100803682341765,-9.60968270737977e-10,-7.677056780628995e-11,-0.010100800668003795,0.010100803682341765,5.237269445429252e-07,2.619116725818108e-07,2.1137168748565478e-12,5.237269445459989e-07,0.0001488006138925655,-6.26812853259639e-14,4.2274627374836553e-13,within_thresholds
GCOT-PP-03__main__f10000__m27dBV,GCOT-PP-03,80s,netlists/GCOT-PP-03__main__f10000__m27dBV.cir,logs/GCOT-PP-03__main__f10000__m27dBV.log,GCOT-PP-03-waveforms.npz,GCOT-PP-03__main__f10000__m27dBV,main,10000,-27,200,8,0.04,0.041,3.90625e-07,2731,trap,0.04466835921509628,0.002630970189307129,0.010088973365591222,-12.923060489618383,11.674620965184177,-1.1732453767107462e-09,-1.9919263307680422e-08,-4.070116451870831e-05,-0.0006909945941497853,-116.12183639140235,-178.47060034102026,62.348763949617904,resolved,below_reporting_floor,adaptive_analog_not_48k,-5.73068804922007e-09,2.152780077522761e-09,5.3120508063511434e-11,0.06317038296160873,0.0037206480079477466,0.014267938542224093,-2.055572345534187e-09,-1.6424075138920473e-10,-0.014267934231182925,0.014267938542224093,7.397892147422406e-07,3.6997032653522767e-07,2.987881350354051e-12,7.397892147466197e-07,0.00021018694512894547,6.866204427325577e-11,8.251249378302117e-12,within_thresholds
GCOT-PP-03__main__f10000__m24dBV,GCOT-PP-03,80s,netlists/GCOT-PP-03__main__f10000__m24dBV.cir,logs/GCOT-PP-03__main__f10000__m24dBV.log,GCOT-PP-03-waveforms.npz,GCOT-PP-03__main__f10000__m24dBV,main,10000,-24,200,8,0.04,0.041,3.90625e-07,2731,trap,0.06309573444801947,0.0037160672628344343,0.01425112012359947,-12.923019984155012,11.675308688673123,-2.781991778254703e-11,-4.723313946481042e-10,-8.120662788968502e-05,-0.0013787180830959755,-110.1291383839564,-199.8085474655802,89.6794090816238,resolved,below_reporting_floor,adaptive_analog_not_48k,-7.1235356125174254e-09,3.0409994202689582e-09,7.51772481181927e-11,0.08923082624128437,0.005255049973640867,0.02015418932340276,-2.650845873502294e-09,-2.1176156667690086e-10,-0.020154183278921455,0.02015418932340276,1.044984863557229e-06,5.225960474987063e-07,4.218708538777032e-12,1.044984863563072e-06,0.0002968983359259252,1.2408387243039134e-10,1.4624037711751915e-11,within_thresholds
GCOT-PP-03__main__f10000__m21dBV,GCOT-PP-03,80s,netlists/GCOT-PP-03__main__f10000__m21dBV.cir,logs/GCOT-PP-03__main__f10000__m21dBV.log,GCOT-PP-03-waveforms.npz,GCOT-PP-03__main__f10000__m21dBV,main,10000,-21,200,8,0.04,0.041,3.90625e-07,2731,trap,0.08912509381337441,0.005248304709139269,0.020130429383822913,-12.922939229463768,11.676679938092116,1.171453499251026e-10,1.9893429216869508e-09,-0.00016196131913304157,-0.0027499675020887793,-104.135322818497,-174.0509829900198,69.9156601715228,resolved,below_reporting_floor,adaptive_analog_not_48k,-8.056008565882786e-09,4.295632340474145e-09,1.062780790125192e-10,0.1260418964088844,0.007421485686199943,0.028468902816953405,-3.2215992399578953e-09,-2.5732495643679793e-10,-0.028468894321255538,0.028468902816953405,1.4760913965415332e-06,7.381856901775524e-07,5.9554009408052e-12,1.4760913965497607e-06,0.0004193839455211761,1.487667982639016e-10,2.539995782219666e-11,within_thresholds
GCOT-PP-03__main__f10000__m18dBV,GCOT-PP-03,80s,netlists/GCOT-PP-03__main__f10000__m18dBV.cir,logs/GCOT-PP-03__main__f10000__m18dBV.log,GCOT-PP-03-waveforms.npz,GCOT-PP-03__main__f10000__m18dBV,main,10000,-18,200,8,0.04,0.041,3.90625e-07,2732,trap,0.1258925411794167,0.0074112329203276745,0.028435513980495434,-12.922778346741222,11.679412403377636,8.093297027784231e-10,1.3747897116382526e-08,-0.00032284404167981506,-0.005482432787609071,-98.14785088278116,-162.2639638330515,64.11611295027033,resolved,below_reporting_floor,adaptive_analog_not_48k,-1.8331512892175156e-08,6.0677667085015955e-09,1.4992560689155235e-10,0.17803833839334285,0.010478958007408182,0.040214257346768825,-6.364231117704086e-09,-5.083186639379745e-10,-0.04021424522621868,0.040214257346768825,2.0850688801851465e-06,1.0427550864702012e-06,8.421367485504118e-12,2.085068880197249e-06,0.0005924065412954454,1.510753982187903e-10,3.539938342007198e-11,within_thresholds
GCOT-PP-03__main__f10000__m15dBV,GCOT-PP-03,80s,netlists/GCOT-PP-03__main__f10000__m15dBV.cir,logs/GCOT-PP-03__main__f10000__m15dBV.log,GCOT-PP-03-waveforms.npz,GCOT-PP-03__main__f10000__m15dBV,main,10000,-15,200,8,0.04,0.041,3.90625e-07,2733,trap,0.1778279410038922,0.010462477995553204,0.040167711119619844,-12.922458300114027,11.684850547806827,1.4770889106824332e-10,2.5105589021200673e-09,-0.0006428906688746849,-0.010920577216799288,-92.17350776795585,-150.6203935502423,58.44688578228646,resolved,below_reporting_floor,adaptive_analog_not_48k,6.845480874031407e-09,8.571352923998815e-09,2.1163012720032324e-10,0.25148662489401186,0.014790353552006516,0.05680711363174725,-4.527831120488434e-10,-3.59532987671743e-11,-0.05680709659509624,0.05680711363174725,2.9453367703335626e-06,1.472801719218175e-06,1.189549629504905e-11,2.945336770350536e-06,0.0008368273150416955,3.300565046610565e-10,4.1859853420000824e-11,within_thresholds
GCOT-PP-03__main__f10000__m12dBV,GCOT-PP-03,80s,netlists/GCOT-PP-03__main__f10000__m12dBV.cir,logs/GCOT-PP-03__main__f10000__m12dBV.log,GCOT-PP-03-waveforms.npz,GCOT-PP-03__main__f10000__m12dBV,main,10000,-12,200,8,0.04,0.041,3.90625e-07,2731,trap,0.25118864315095824,0.014761364170137872,0.05674254695203268,-12.921823486281582,11.69564662117752,-1.106709874161659e-10,-1.8832215693062566e-09,-0.0012777045013194765,-0.021716650587492836,-86.22480883600116,-138.798865064245,52.57405622824385,resolved,below_reporting_floor,adaptive_analog_not_48k,9.767051651082536e-09,1.2107965090036246e-08,2.9886637874523187e-10,0.3552291606758736,0.020859124965183717,0.08024882059158914,-6.18221532410417e-10,-4.8769420941554635e-11,-0.08024879652507372,0.08024882059158914,4.160639039381955e-06,2.080520016533908e-06,1.678672606656036e-11,4.1606390394058765e-06,0.0011821363949041028,1.3849671074627269e-11,5.282103649795008e-11,within_thresholds
GCOT-PP-03__main__f10000__m9dBV,GCOT-PP-03,80s,netlists/GCOT-PP-03__main__f10000__m9dBV.cir,logs/GCOT-PP-03__main__f10000__m9dBV.log,GCOT-PP-03-waveforms.npz,GCOT-PP-03__main__f10000__m9dBV,main,10000,-9,200,8,0.04,0.041,3.90625e-07,2730,trap,0.35481338923357525,0.0208028424076023,0.08016253123348072,-12.920571557236935,11.716974861201253,4.73804466473286e-10,8.081266188651107e-09,-0.002529633545966803,-0.04304489061122574,-80.32621852229767,-127.00593621057921,46.67971768828154,resolved,below_reporting_floor,adaptive_analog_not_48k,-5.29048318637952e-08,1.71049610851405e-08,4.220888199879001e-10,0.5017716524175909,0.02937378304591995,0.11337550558929108,-1.8280327593544213e-08,-1.4585423285187737e-09,-0.11337547167454323,0.11337550558929108,5.877793005077593e-06,2.9395505316628914e-06,2.3719537532305046e-11,5.87779300511194e-06,0.0016700527341298652,-1.6360586932203843e-10,6.743203797209101e-11,within_thresholds
GCOT-PP-03__main__f10000__m6dBV,GCOT-PP-03,80s,netlists/GCOT-PP-03__main__f10000__m6dBV.cir,logs/GCOT-PP-03__main__f10000__m6dBV.log,GCOT-PP-03-waveforms.npz,GCOT-PP-03__main__f10000__m6dBV,main,10000,-6,200,8,0.04,0.041,3.90625e-07,2730,trap,0.5011872336272724,0.029252154999592057,0.11326441886392781,-12.91812997889679,11.75871270165782,2.3939503072734504e-10,4.1016469279761574e-09,-0.004971211886111604,-0.08478273106779355,-74.52441433899502,-115.37721147910742,40.8527971401124,resolved,resolved,adaptive_analog_not_48k,-7.408716503866532e-08,2.4167633546162646e-08,5.965080501410959e-10,0.708766818736397,0.04124347441068399,0.1602056265726809,-2.5686707388404608e-08,-2.0469781173016485e-09,-0.16020557865481908,0.1602056265726809,8.304658603370754e-06,4.153262317418666e-06,3.348967738968977e-11,8.304658603419631e-06,0.0023596753931384032,-1.7102058321250945e-10,7.771534326583053e-11,within_thresholds
GCOT-PP-03__main__f10000__m3dBV,GCOT-PP-03,80s,netlists/GCOT-PP-03__main__f10000__m3dBV.cir,logs/GCOT-PP-03__main__f10000__m3dBV.log,GCOT-PP-03-waveforms.npz,GCOT-PP-03__main__f10000__m3dBV,main,10000,-3,200,8,0.04,0.041,3.90625e-07,2731,trap,0.7079457843841387,0.040961813817006996,0.16007615292662075,-12.913467230917226,11.838949184104038,2.397880765429864e-10,4.144237916005678e-09,-0.009633959865675834,-0.16501921351401094,-68.90431289009784,-104.08133760444031,35.177024714342465,resolved,resolved,adaptive_analog_not_48k,2.8426942325814894e-08,3.4154193600967144e-08,8.436164049831972e-10,1.00115212860269,0.0575942366899822,0.22645392779930457,-1.6677694310289548e-09,-1.1931778307005424e-10,-0.22645386024976805,0.22645392779930457,1.1736236119754341e-05,5.868695089870784e-06,4.726194969881989e-11,1.1736236119820552e-05,0.0033349198528356597,-1.2218029001231006e-12,9.089800329652085e-11,within_thresholds
GCOT-PP-03__main__f10000__p0dBV,GCOT-PP-03,80s,netlists/GCOT-PP-03__main__f10000__p0dBV.cir,logs/GCOT-PP-03__main__f10000__p0dBV.log,GCOT-PP-03-waveforms.npz,GCOT-PP-03__main__f10000__p0dBV,main,10000,0,200,8,0.04,0.041,3.90625e-07,2731,trap,1.0000000000000002,0.05692943708753481,0.2263369350855722,-12.904891387103405,11.988370821431523,3.842379918506262e-11,6.748998486705796e-10,-0.018209803679496872,-0.3144408508414962,-63.608014694898216,-93.38197521565166,29.773960520753448,resolved,resolved,adaptive_analog_not_48k,3.22314104924015e-08,4.8286737029242006e-08,1.2065240578861019e-09,1.4141355955231658,0.07965338527377308,0.32027577816138253,-4.667933383608851e-09,-3.3448584820735607e-10,-0.3202756826607254,0.32027577816138253,1.6592307257212342e-05,8.297244061173219e-06,6.685712127729855e-11,1.6592307257305444e-05,0.004715352814562324,2.709760181014314e-12,5.455844195977232e-10,within_thresholds
GCOT-PP-03__main__f10000__p3dBV,GCOT-PP-03,80s,netlists/GCOT-PP-03__main__f10000__p3dBV.cir,logs/GCOT-PP-03__main__f10000__p3dBV.log,GCOT-PP-03-waveforms.npz,GCOT-PP-03__main__f10000__p3dBV,main,10000,3,200,8,0.04,0.041,3.90625e-07,2727,trap,1.4125375446227546,0.0781394165992643,0.32025555070664985,-12.890066685506099,12.252530026645925,1.2388873831293636e-10,2.239503872809456e-09,-0.033034505276802406,-0.5786000560558975,-58.841102803924485,-83.65359715392044,24.81249434999596,resolved,resolved,adaptive_analog_not_48k,-1.8927441067610698e-07,6.831111457711062e-08,2.0427373404825487e-09,1.997617743150665,0.108463998689864,0.4533969663226559,-6.853486994900068e-08,-5.366377321545027e-09,-0.45339683088046134,0.4533969663226559,2.347387263963303e-05,1.1739365731507437e-05,9.394679568231301e-11,2.3473872639767437e-05,0.006671990640117452,-1.4246684692735133e-10,1.3244870291730686e-08,within_thresholds
GCOT-PP-03__main__f10000__p6dBV,GCOT-PP-03,80s,netlists/GCOT-PP-03__main__f10000__p6dBV.cir,logs/GCOT-PP-03__main__f10000__p6dBV.log,GCOT-PP-03-waveforms.npz,GCOT-PP-03__main__f10000__p6dBV,main,10000,6,200,8,0.04,0.041,3.90625e-07,2721,trap,1.9952623149688717,0.10528721229483423,0.45359402461487575,-12.866653504431696,12.685833956385668,1.69782653411977e-10,3.2174871481748443e-09,-0.05644768635120556,-1.011903985795641,-54.83749205780816,-75.31444300613883,20.476950948330668,resolved,resolved,adaptive_analog_not_48k,7.690386552107083e-08,9.673000885425886e-08,8.601324498460886e-09,2.8217158669322897,0.14446345305943975,0.6425406770354671,-9.10062985508804e-09,-4.130234349110023e-10,-0.6425404814279766,0.6425406770354671,3.323903449313436e-05,1.6620875798492996e-05,1.3065429472765157e-10,3.32390344933311e-05,0.009449875513370192,1.4200686272452098e-11,2.1890107742631554e-07,within_thresholds
GCOT-PP-03__main__f20000__m30dBV,GCOT-PP-03,80s,netlists/GCOT-PP-03__main__f20000__m30dBV.cir,logs/GCOT-PP-03__main__f20000__m30dBV.log,GCOT-PP-03-waveforms.npz,GCOT-PP-03__main__f20000__m30dBV,main,20000,-30,200,8,0.04,0.0405,1.953125e-07,2739,trap,0.03162277660168386,0.0018626538231695845,0.007142429466737558,-12.923080793795323,11.674276243084423,9.380812695432307e-10,1.592601325010679e-08,-2.0396601280836535e-05,-0.0003462721080982334,-122.10819629852114,-203.21096328924824,81.1027669907271,below_reporting_floor,below_reporting_floor,adaptive_analog_not_48k,-1.701550808639253e-09,7.573087437387648e-10,9.395955573558347e-12,0.0447213289146497,0.0026341554764800594,0.010100922384456631,-6.411960912432916e-10,-5.122666892054243e-11,-0.010100920865094837,0.010100922384456631,2.618578038590549e-07,1.3094578463211819e-07,4.3790325867864115e-13,2.6185780385984296e-07,0.00014880061389257153,-2.2468829970691881e-13,4.1528694403411053e-13,within_thresholds
GCOT-PP-03__main__f20000__m27dBV,GCOT-PP-03,80s,netlists/GCOT-PP-03__main__f20000__m27dBV.cir,logs/GCOT-PP-03__main__f20000__m27dBV.log,GCOT-PP-03-waveforms.npz,GCOT-PP-03__main__f20000__m27dBV,main,20000,-27,200,8,0.04,0.0405,1.953125e-07,2739,trap,0.044668359215096674,0.002630970189543118,0.010088973365983309,-12.923060489280902,11.674620964742644,-1.7675321204197182e-09,-3.0009009700829416e-08,-4.070111570264601e-05,-0.0006909937663195365,-116.1217870577359,-178.48498148410476,62.363194426368864,resolved,below_reporting_floor,adaptive_analog_not_48k,4.1945428892037055e-10,1.0696351618664456e-09,1.3300504859201665e-11,0.06317058175998341,0.0037206597144990652,0.01426798236611105,-1.6906234174179994e-10,-1.3547997998132498e-11,-0.014267980214633895,0.01426798236611105,3.6988500876166567e-07,1.8495583677822247e-07,6.184470175941999e-13,3.698850087628233e-07,0.00021018694512776783,-3.027988244977374e-13,8.27557990937225e-12,within_thresholds
GCOT-PP-03__main__f20000__m24dBV,GCOT-PP-03,80s,netlists/GCOT-PP-03__main__f20000__m24dBV.cir,logs/GCOT-PP-03__main__f20000__m24dBV.log,GCOT-PP-03-waveforms.npz,GCOT-PP-03__main__f20000__m24dBV,main,20000,-24,200,8,0.04,0.0405,1.953125e-07,2739,trap,0.06309573444801951,0.0037160672632513833,0.01425112012413312,-12.923019983829764,11.675308688023804,1.0362970019513637e-10,1.759513375129832e-09,-8.120656683985317e-05,-0.0013787170474799382,-110.12913668532588,-199.2240591018383,89.09492241651242,resolved,below_reporting_floor,adaptive_analog_not_48k,-2.24753554843895e-09,1.5110452347180528e-09,1.8836487356644373e-11,0.08923079665028179,0.005255048231563933,0.02015418113737455,-9.802493699610142e-10,-7.830449976521467e-11,-0.020154178102073782,0.02015418113737455,5.224785060981599e-07,2.612699044099127e-07,8.734271062106724e-13,5.224785060998883e-07,0.00029689833592384053,-4.918070079421904e-13,1.468727262232454e-11,within_thresholds
GCOT-PP-03__main__f20000__m21dBV,GCOT-PP-03,80s,netlists/GCOT-PP-03__main__f20000__m21dBV.cir,logs/GCOT-PP-03__main__f20000__m21dBV.log,GCOT-PP-03-waveforms.npz,GCOT-PP-03__main__f20000__m21dBV,main,20000,-21,200,8,0.04,0.0405,1.953125e-07,2739,trap,0.08912509381337483,0.005248304709861059,0.020130429384544925,-12.922939229152275,11.676679937209094,1.8986430811931988e-10,3.224247545536063e-09,-0.0001619612443288787,-0.002749966232769907,-104.13532774983388,-174.06679653851515,69.93146878868127,resolved,below_reporting_floor,adaptive_analog_not_48k,4.298812738849462e-10,2.1344280411461435e-09,2.6734026214151582e-11,0.12604183881228298,0.007421482297326941,0.028468887708912136,-4.4486687676344786e-10,-3.551237131804004e-11,-0.028468883416096737,0.028468887708912136,7.380267080766226e-07,3.6904274351027814e-07,1.2345734080985277e-12,7.380267080788972e-07,0.00041938394551756946,7.560327337777441e-13,2.554048779726026e-11,within_thresholds
GCOT-PP-03__main__f20000__m18dBV,GCOT-PP-03,80s,netlists/GCOT-PP-03__main__f20000__m18dBV.cir,logs/GCOT-PP-03__main__f20000__m18dBV.log,GCOT-PP-03-waveforms.npz,GCOT-PP-03__main__f20000__m18dBV,main,20000,-18,200,8,0.04,0.0405,1.953125e-07,2739,trap,0.12589254117941548,0.007411232922474081,0.028435513981244474,-12.922778346512338,11.679412401090872,8.247104684603943e-10,1.400901857995155e-08,-0.0003228438842661774,-0.005482430114547299,-98.14786002158307,-162.25911455450216,64.11125453291909,resolved,below_reporting_floor,adaptive_analog_not_48k,-6.245060261490124e-09,3.0150217697795655e-09,3.756942980089967e-11,0.17803890194805166,0.010478991123334475,0.040214381620839346,-2.4159568672141114e-09,-1.9291952157764076e-10,-0.04021437557195973,0.040214381620839346,1.0425074665791822e-06,5.213196273358832e-07,1.7409122398439885e-12,1.042507466582293e-06,0.0005924065412847064,-1.5862704661213145e-10,3.6157824634365256e-11,within_thresholds
GCOT-PP-03__main__f20000__m15dBV,GCOT-PP-03,80s,netlists/GCOT-PP-03__main__f20000__m15dBV.cir,logs/GCOT-PP-03__main__f20000__m15dBV.log,GCOT-PP-03-waveforms.npz,GCOT-PP-03__main__f20000__m15dBV,main,20000,-15,200,8,0.04,0.0405,1.953125e-07,2738,trap,0.17782794100389324,0.010462477997124962,0.04016771112102897,-12.922458299809366,11.684850546806674,3.271809919401353e-10,5.561079412541892e-09,-0.0006428905872386537,-0.010920575830349222,-92.1735105365977,-150.61896780890658,58.44545727230887,resolved,below_reporting_floor,adaptive_analog_not_48k,-1.5660054778946136e-08,4.259015503041102e-09,5.2870420114834916e-11,0.25148662616400763,0.014790353626469521,0.056807109647372206,-5.197538949201569e-09,-4.149813333680228e-10,-0.05680710116631619,0.056807109647372206,1.472629562200748e-06,7.364229956827832e-07,2.460704146145338e-12,1.4726295622053241e-06,0.0008368273150338416,-1.6460394824993992e-10,4.259524673914452e-11,within_thresholds
GCOT-PP-03__main__f20000__m12dBV,GCOT-PP-03,80s,netlists/GCOT-PP-03__main__f20000__m12dBV.cir,logs/GCOT-PP-03__main__f20000__m12dBV.log,GCOT-PP-03-waveforms.npz,GCOT-PP-03__main__f20000__m12dBV,main,20000,-12,200,8,0.04,0.0405,1.953125e-07,2738,trap,0.25118864315095796,0.014761364170280959,0.05674254695452141,-12.92182348590061,11.695646621474287,8.559185020496977e-11,1.4564875910288433e-09,-0.0012777044959939587,-0.021716650497962675,-86.22480888415271,-138.79890613306526,52.57409724891255,resolved,below_reporting_floor,adaptive_analog_not_48k,-1.3764637880830586e-08,6.0164522973160555e-09,7.461337902778074e-11,0.3552342775487275,0.02085942357024967,0.08024997097944259,-5.166440082440983e-09,-4.1210614452582086e-10,-0.08024995892411023,0.08024997097944259,2.080278655743391e-06,1.0402742066226563e-06,3.4715921689145185e-12,2.0802786557502166e-06,0.0011821363949033852,-9.731992792461226e-12,5.312739936143542e-11,within_thresholds
GCOT-PP-03__main__f20000__m9dBV,GCOT-PP-03,80s,netlists/GCOT-PP-03__main__f20000__m9dBV.cir,logs/GCOT-PP-03__main__f20000__m9dBV.log,GCOT-PP-03-waveforms.npz,GCOT-PP-03__main__f20000__m9dBV,main,20000,-9,200,8,0.04,0.0405,1.953125e-07,2738,trap,0.3548133892335769,0.0208028424007526,0.08016253123868963,-12.92057155667257,11.716974864625637,3.175883661843731e-10,5.416901135440574e-09,-0.0025296337240341416,-0.043044893649312854,-80.32621678148672,-127.00627254323622,46.6800557617495,resolved,below_reporting_floor,adaptive_analog_not_48k,4.2625407021636314e-10,8.499599889827642e-09,1.0541056607435038e-10,0.5017814898864277,0.029374351922484332,0.11337772162242242,-2.1268895206564164e-09,-1.6819383924971465e-10,-0.11337770459162899,0.11337772162242242,2.938847537758454e-06,1.469548518448082e-06,4.8964573135092035e-12,2.9388475377675907e-06,0.001670052734164121,1.6016322026342569e-10,6.288459427000142e-11,within_thresholds
GCOT-PP-03__main__f20000__m6dBV,GCOT-PP-03,80s,netlists/GCOT-PP-03__main__f20000__m6dBV.cir,logs/GCOT-PP-03__main__f20000__m6dBV.log,GCOT-PP-03-waveforms.npz,GCOT-PP-03__main__f20000__m6dBV,main,20000,-6,200,8,0.04,0.0405,1.953125e-07,2738,trap,0.5011872336272764,0.029252155015976087,0.11326441886503327,-12.918129978812088,11.758712696877659,1.7661067719965865e-10,3.0260233704176226e-09,-0.004971211584516411,-0.08478272590133429,-74.52441592099306,-115.37704176046662,40.85262583947356,resolved,resolved,adaptive_analog_not_48k,6.841837326918286e-09,1.2008966260414229e-08,1.4896552388729936e-10,0.7087857076925264,0.041244547646844265,0.16020989043618536,-1.4078888961238009e-09,-1.0764813921913436e-10,-0.16020986637353335,0.16020989043618536,4.152272702046572e-06,2.0762667689397226e-06,6.9084049379676785e-12,4.152272702059422e-06,0.002359675393056503,1.6325678277607101e-10,8.781124583834212e-11,within_thresholds
GCOT-PP-03__main__f20000__m3dBV,GCOT-PP-03,80s,netlists/GCOT-PP-03__main__f20000__m3dBV.cir,logs/GCOT-PP-03__main__f20000__m3dBV.log,GCOT-PP-03-waveforms.npz,GCOT-PP-03__main__f20000__m3dBV,main,20000,-3,200,8,0.04,0.0405,1.953125e-07,2737,trap,0.7079457843841419,0.04096181382723114,0.16007615293128585,-12.913467230664132,11.838949182189156,1.5374353045995291e-10,2.657066014044344e-09,-0.009633959732472164,-0.16501921121283125,-68.9043132622094,-104.0813162402132,35.1770029780038,resolved,resolved,adaptive_analog_not_48k,-4.0957161463367735e-08,1.6971537728147296e-08,2.1101444721055318e-10,1.0011855846438718,0.057596075766824795,0.22646149916686037,-1.527723446310304e-08,-1.2068412025733282e-09,-0.22646146507686693,0.22646149916686037,5.868047735830262e-06,2.934407409399669e-06,9.731362409740192e-12,5.8680477358485725e-06,0.00333491985278455,-9.349154788239148e-12,9.856136636690642e-11,within_thresholds
GCOT-PP-03__main__f20000__p0dBV,GCOT-PP-03,80s,netlists/GCOT-PP-03__main__f20000__p0dBV.cir,logs/GCOT-PP-03__main__f20000__p0dBV.log,GCOT-PP-03-waveforms.npz,GCOT-PP-03__main__f20000__p0dBV,main,20000,0,200,8,0.04,0.0405,1.953125e-07,2735,trap,0.999999999999991,0.05692943711885162,0.22633693508811842,-12.90489138700561,11.98837081675114,6.032672939537135e-11,1.0597008964733455e-09,-0.01820980339099343,-0.3144408457748149,-63.60801512818361,-93.3819620455015,29.773946917317886,resolved,resolved,adaptive_analog_not_48k,1.67140245541725e-08,2.3993799727340765e-08,3.121623816698399e-10,1.4142134952479317,0.07965742067866066,0.3202934818631662,-2.3787590130998342e-09,-1.5165872998550462e-10,-0.32029343390568954,0.3202934818631662,8.296157194415758e-06,4.148265960677839e-06,1.3633090151323627e-11,8.296157194442211e-06,0.004715352814405689,1.6919703996992562e-10,5.477388993680846e-10,within_thresholds
GCOT-PP-03__main__f20000__p3dBV,GCOT-PP-03,80s,netlists/GCOT-PP-03__main__f20000__p3dBV.cir,logs/GCOT-PP-03__main__f20000__p3dBV.log,GCOT-PP-03-waveforms.npz,GCOT-PP-03__main__f20000__p3dBV,main,20000,3,200,8,0.04,0.0405,1.953125e-07,2731,trap,1.412537544622765,0.07813941660096167,0.32025555072048617,-12.890066685130897,12.252530026832513,5.424114660528717e-11,9.806528615956426e-10,-0.03303450526570728,-0.5786000558561888,-58.84110281548328,-83.65359693853611,24.81249412305283,resolved,resolved,adaptive_analog_not_48k,1.9504237716736354e-08,3.3944024386216746e-08,7.78454724987755e-10,1.9975231794301833,0.10845955636026428,0.45337530327376585,-5.1294446754094146e-09,-3.0082775451688414e-10,-0.4533752357652504,0.45337530327376585,1.1736308138756575e-05,5.868654050353967e-06,1.893328734176336e-11,1.1736308138792122e-05,0.006671990640109022,3.108991752167241e-12,1.3243071329206169e-08,within_thresholds
GCOT-PP-03__main__f20000__p6dBV,GCOT-PP-03,80s,netlists/GCOT-PP-03__main__f20000__p6dBV.cir,logs/GCOT-PP-03__main__f20000__p6dBV.log,GCOT-PP-03-waveforms.npz,GCOT-PP-03__main__f20000__p6dBV,main,20000,6,200,8,0.04,0.0405,1.953125e-07,2727,trap,1.9952623149688777,0.10528721234788982,0.4535940246223138,-12.866653504289289,12.68583395215117,3.043199764442719e-10,5.767059177200868e-09,-0.05644768610731532,-1.0119039811748447,-54.83749219708922,-75.3144416694412,20.476949472351976,resolved,resolved,adaptive_analog_not_48k,-1.0336569301727451e-07,4.806495641750533e-08,6.8059269928721455e-09,2.8217270163652732,0.14446390420729283,0.6425431946891598,-4.335840817721749e-08,-3.1547937536608057e-09,-0.642543099097795,0.6425431946891598,1.661897431473157e-05,8.310468957991777e-06,2.583604002723821e-11,1.6618974314780876e-05,0.00944987551310494,1.4605125211813365e-10,2.1889780497687067e-07,within_thresholds
